tower_variable_height,month,tau,p-value,sens_slope,sens_slope_intercept
TOWA_AbsHum_015m,1,decreasing,0.0*,-0.00042417825595697945,5.120961618533022
TOWD_AbsHum_002m,1,decreasing,0.0*,-0.0003889369470040759,4.978446569799243
TOWD_AbsHum_015m,1,decreasing,0.0*,-0.0004081635248093378,4.903469962165469
TOWF_AbsHum_010m,1,increasing,0.0*,0.0003320420058840998,3.8270892843815743
TOWA_BarPresMb_015m,1,decreasing,0.0*,-0.0008766803039158387,990.2092003345768
TOWB_BarPresMb_015m,1,no trend,0.082,0.00011283926178047404,991.5354267404526
TOWD_BarPresMb_002m,1,decreasing,0.0*,-0.0010111948077598314,991.2743098226825
TOWD_BarPresMb_015m,1,decreasing,0.0*,-0.0010126582278481013,991.2768654300995
TOWF_BarPresMb_010m,1,no trend,0.39,0.0,985.0999755859375
TOWY_BarPresMb_015m,1,decreasing,0.0*,-0.0011172996559723986,987.991096735404
TOWA_PkWSpdMph_015m,1,increasing,0.0*,0.00017691291259063762,6.340645574774694
TOWA_PkWSpdMph_030m,1,increasing,0.0*,0.00022581873596903523,7.667463093057599
TOWB_PkWSpdMph_015m,1,no trend,0.052,0.00010964849538970412,5.190351695345159
TOWB_PkWSpdMph_030m,1,no trend,0.775,0.0,6.300000190734863
TOWD_PkWSpdMph_015m,1,increasing,0.0*,0.00028756297294567335,5.884327913341893
TOWD_PkWSpdMph_035m,1,increasing,0.0*,0.0002673794241512523,7.412099491147434
TOWD_PkWSpdMph_060m,1,increasing,0.0*,0.00026086973107379417,8.823434352460115
TOWF_PkWSpdMph_010m,1,increasing,0.0*,0.00045351484735536466,6.9126602413522775
TOWS_PkWSpdMph_025m,1,increasing,0.0*,0.00042372840946003544,10.37348223591255
TOWY_PkWSpdMph_015m,1,increasing,0.0*,0.00021575055333274338,7.481462477951846
TOWY_PkWSpdMph_033m,1,increasing,0.0*,0.00036477346852646945,8.157490468199144
TOWA_PrecipIn_015m,1,no trend,0.096,0.0,0.0
TOWB_PrecipIn_015m,1,increasing,0.0*,0.0,0.0
TOWD_PrecipIn_002m,1,no trend,0.73,0.0,0.0
TOWF_PrecipIn_010m,1,no trend,0.634,0.0,0.0
TOWY_PrecipIn_015m,1,no trend,0.835,0.0,0.0
TOWA_RelHum_015m,1,decreasing,0.013*,-0.0003385981551859951,76.19561999789569
TOWB_RelHum_015m,1,decreasing,0.0*,-0.004452692997920049,79.6571439107259
TOWD_RelHum_002m,1,increasing,0.001*,0.0004045307443365696,78.99913547519984
TOWD_RelHum_015m,1,decreasing,0.0*,-0.0007266114778024949,73.77943884947427
TOWF_RelHum_010m,1,increasing,0.0*,0.005316985896759969,66.66927092694553
TOWY_RelHum_015m,1,decreasing,0.0*,-0.0018309848409303476,70.73478566021987
TOWA_SigPhi_015m,1,no trend,0.221,-5.9032102402435984e-05,16.28691077570144
TOWA_SigPhi_030m,1,no trend,0.7,0.0,13.399999618530273
TOWB_SigPhi_015m,1,no trend,0.688,0.0,13.300000190734863
TOWB_SigPhi_030m,1,increasing,0.015*,0.0003314919234639373,10.99013747949407
TOWD_SigPhi_015m,1,increasing,0.003*,0.00016393459559789774,14.463442187817371
TOWD_SigPhi_060m,1,no trend,0.083,-7.473834426948308e-05,9.107592074771278
TOWF_SigPhi_010m,1,increasing,0.0*,0.0008756567425569177,9.189491928354453
TOWS_SigPhi_025m,1,no trend,0.209,0.0,7.199999809265137
TOWY_SigPhi_015m,1,decreasing,0.031*,-7.558535736614524e-05,8.111759249645626
TOWY_SigPhi_033m,1,decreasing,0.0*,-0.00023094702904916342,10.740088364390921
TOWA_Sigma_015m,1,decreasing,0.0*,-0.0006451612903225806,29.249676656415385
TOWA_Sigma_030m,1,decreasing,0.0*,-0.000376647475075587,19.555900285921975
TOWB_Sigma_015m,1,increasing,0.0*,0.0015339451031852035,21.848414146658442
TOWB_Sigma_030m,1,increasing,0.0*,0.0014231499051233396,16.971275709611866
TOWD_Sigma_015m,1,increasing,0.0*,0.0005139492331797506,24.85777203055264
TOWD_Sigma_035m,1,decreasing,0.0*,-0.0006483786718506469,17.736798354772755
TOWD_Sigma_060m,1,decreasing,0.002*,-0.00020325086950286617,13.694662566592054
TOWF_Sigma_010m,1,increasing,0.0*,0.000770598808971466,15.870332518059188
TOWS_Sigma_025m,1,decreasing,0.0*,-0.00030832467891043613,11.955883731492323
TOWY_Sigma_015m,1,decreasing,0.0*,-0.0004044495168903841,17.001416050146275
TOWY_Sigma_033m,1,decreasing,0.0*,-0.000523951953042767,14.679203498030375
TOWB_SolarRadWm2_015m,1,,NaN,,
TOWD_SolarRadWm2_002m,1,increasing,0.0*,8.354220872335665e-05,-1.2213381201618065
TOWF_SolarRadWm2_010m,1,decreasing,0.008*,0.0,0.0
TOWY_SolarRadWm2_015m,1,no trend,0.108,0.0,0.0
TOWA_TempC_015m,1,decreasing,0.0*,-0.0014783022911934042,6.4885035409890985
TOWA_TempC_030m,1,decreasing,0.0*,-0.001411764855478324,6.493412081899207
TOWB_TempC_015m,1,decreasing,0.0*,-0.0004908834567076695,5.6857698966321015
TOWB_TempC_030m,1,decreasing,0.0*,-0.0005860416318865996,5.980230147737823
TOWD_TempC_002m,1,decreasing,0.0*,-0.0014659019698756298,6.077353154622701
TOWD_TempC_015m,1,decreasing,0.0*,-0.0014018692145837802,6.482126346327991
TOWD_TempC_035m,1,decreasing,0.0*,-0.0013906447836180252,6.565455164868672
TOWD_TempC_060m,1,decreasing,0.0*,-0.0013858813287479736,6.658033677823309
TOWF_TempC_010m,1,decreasing,0.0*,-0.00029797363622253927,3.91728232784976
TOWS_TempC_025m,1,decreasing,0.0*,-0.0015469937559741322,6.392785325733389
TOWY_TempC_015m,1,decreasing,0.0*,-0.0014021527149179623,6.864647342175882
TOWY_TempC_033m,1,decreasing,0.0*,-0.0014245048825279538,6.675456503147105
TOWA_VSSpdMph_015m,1,increasing,0.0*,5.339027183041876e-06,-0.067854152564082
TOWA_VSSpdMph_030m,1,increasing,0.006*,0.0,0.0
TOWB_VSSpdMph_015m,1,no trend,0.25,0.0,0.009999999776482582
TOWB_VSSpdMph_030m,1,increasing,0.003*,7.668711485032655e-06,-0.07948172298997569
TOWD_VSSpdMph_015m,1,decreasing,0.008*,0.0,-0.022369999438524246
TOWD_VSSpdMph_060m,1,increasing,0.0*,1.788884103417349e-05,-0.04809117137216003
TOWF_VSSpdMph_010m,1,decreasing,0.0*,-3.7878788124049596e-05,0.025034721963007184
TOWS_VSSpdMph_025m,1,no trend,0.519,-2.4420017051318337e-06,0.09160988854377397
TOWY_VSSpdMph_015m,1,decreasing,0.0*,-1.008572846846453e-05,-0.07509497785463286
TOWY_VSSpdMph_033m,1,decreasing,0.001*,-7.145689469852727e-06,-0.028477377586182077
TOWA_WDir_015m,1,decreasing,0.0*,-0.0037484774422328446,226.73087541425676
TOWB_WDir_015m,1,decreasing,0.0*,-0.004694835680751174,194.6952269170579
TOWD_WDir_060m,1,decreasing,0.0*,-0.004521282006662788,224.15925597468166
TOWF_WDir_010m,1,decreasing,0.0*,-0.012759468348762782,258.78451008189245
TOWS_WDir_025m,1,decreasing,0.0*,-0.002616822429906542,217.86897196261683
TOWY_WDir_033m,1,decreasing,0.0*,-0.0021654395842356,217.2205500216544
TOWA_WSpdMph_015m,1,increasing,0.0*,7.418399394796581e-05,2.8907949789090988
TOWA_WSpdMph_030m,1,no trend,0.995,0.0,4.199999809265137
TOWB_WSpdMph_015m,1,increasing,0.0*,0.00014513774257266817,2.3548622574273317
TOWB_WSpdMph_030m,1,no trend,0.052,6.0994298431950985e-05,3.1390057492517647
TOWD_WSpdMph_015m,1,increasing,0.0*,0.00017730493635714195,2.5440011750392975
TOWD_WSpdMph_035m,1,increasing,0.0*,0.00017123271341193213,3.851512698686286
TOWD_WSpdMph_060m,1,increasing,0.0*,0.00017189518494517905,5.051840842069007
TOWF_WSpdMph_010m,1,increasing,0.0*,0.0011135857461024498,3.008500275827817
TOWS_WSpdMph_025m,1,increasing,0.0*,0.000290486634253763,6.4704671921842
TOWY_WSpdMph_015m,1,increasing,0.0*,0.00014184400544944384,3.8906145119216142
TOWY_WSpdMph_033m,1,increasing,0.0*,0.0002523656899244627,4.524669223027274
TOWA_AbsHum_015m,2,decreasing,0.0*,-0.0005799904717749129,6.184050548128485
TOWD_AbsHum_002m,2,decreasing,0.0*,-0.0005163514470479574,6.196256738111197
TOWD_AbsHum_015m,2,decreasing,0.0*,-0.0005255253823311837,6.189595589826296
TOWF_AbsHum_010m,2,decreasing,0.0*,-0.0006578947368421052,6.336897120559424
TOWA_BarPresMb_015m,2,increasing,0.0*,0.0008482218462829877,987.3552539332873
TOWB_BarPresMb_015m,2,increasing,0.0*,0.0009485260257876016,988.9043733963798
TOWD_BarPresMb_002m,2,decreasing,0.0*,-0.0005350555165911118,989.0153828461019
TOWD_BarPresMb_015m,2,decreasing,0.0*,-0.0005329698820577948,989.0131174350563
TOWF_BarPresMb_010m,2,increasing,0.0*,0.0012712039901326992,983.1157320910062
TOWY_BarPresMb_015m,2,increasing,0.0*,0.0005965174049471521,984.9719962244935
TOWA_PkWSpdMph_015m,2,increasing,0.0*,0.00021321992121779842,6.612295348337549
TOWA_PkWSpdMph_030m,2,increasing,0.0*,0.00024183773792640475,7.97327740679629
TOWB_PkWSpdMph_015m,2,increasing,0.0*,0.0003488371538561444,5.188372142555178
TOWB_PkWSpdMph_030m,2,increasing,0.0*,0.0003347482373254645,6.301125520073816
TOWD_PkWSpdMph_015m,2,increasing,0.0*,0.0003780717735554936,5.963106655042929
TOWD_PkWSpdMph_035m,2,increasing,0.0*,0.00019762827002483866,7.541518882564876
TOWD_PkWSpdMph_060m,2,increasing,0.035*,8.46739243290164e-05,9.089239260082422
TOWF_PkWSpdMph_010m,2,no trend,0.316,0.0,7.099999904632568
TOWS_PkWSpdMph_025m,2,increasing,0.013*,0.00014727549864254456,10.90163255775644
TOWY_PkWSpdMph_015m,2,no trend,0.126,0.0,8.0
TOWY_PkWSpdMph_033m,2,no trend,0.215,0.0,8.799999237060547
TOWA_PrecipIn_015m,2,increasing,0.009*,0.0,0.0
TOWB_PrecipIn_015m,2,increasing,0.0*,0.0,0.0
TOWD_PrecipIn_002m,2,increasing,0.0*,0.0,0.0
TOWF_PrecipIn_010m,2,decreasing,0.0*,0.0,0.0
TOWY_PrecipIn_015m,2,increasing,0.0*,0.0,0.0
TOWA_RelHum_015m,2,increasing,0.033*,0.00011976169730850798,80.03753022570176
TOWB_RelHum_015m,2,decreasing,0.0*,-0.0012216401557855788,78.7194861073075
TOWD_RelHum_002m,2,increasing,0.0*,0.0017421602787456446,81.44166819254558
TOWD_RelHum_015m,2,increasing,0.0*,0.0011284715599483913,76.99671243931408
TOWF_RelHum_010m,2,decreasing,0.0*,-0.0007534288380244007,79.27936574857529
TOWY_RelHum_015m,2,decreasing,0.0*,-0.0025132274291292493,71.93116967962602
TOWA_SigPhi_015m,2,increasing,0.0*,0.0005060728744939271,15.715746919474944
TOWA_SigPhi_030m,2,increasing,0.0*,0.0005621484188196586,12.839882027822412
TOWB_SigPhi_015m,2,decreasing,0.0*,-0.0004219425378469475,14.163750773911403
TOWB_SigPhi_030m,2,no trend,0.247,-6.983266862411073e-05,11.809904790901383
TOWD_SigPhi_015m,2,increasing,0.0*,0.0007820148039190417,13.998075878010312
TOWD_SigPhi_060m,2,increasing,0.0*,0.0004926109548859996,8.63345616023333
TOWF_SigPhi_010m,2,increasing,0.0*,0.0011568130748130976,8.78014061260959
TOWS_SigPhi_025m,2,increasing,0.011*,9.514738785211071e-05,7.271836563930639
TOWY_SigPhi_015m,2,increasing,0.011*,0.0001141556866092769,8.04623209940244
TOWY_SigPhi_033m,2,increasing,0.017*,9.794356657172043e-05,10.36779250905594
TOWA_Sigma_015m,2,increasing,0.025*,0.00029239738196657416,27.80465513607215
TOWA_Sigma_030m,2,increasing,0.003*,0.00028951939779965256,18.80847403064839
TOWB_Sigma_015m,2,decreasing,0.0*,-0.0010078383186229265,25.020323467859807
TOWB_Sigma_030m,2,increasing,0.005*,0.00026525173642591074,17.941202054921764
TOWD_Sigma_015m,2,increasing,0.0*,0.001960781593798741,23.534806300824552
TOWD_Sigma_035m,2,increasing,0.008*,0.00025614754098360657,17.16606898907104
TOWD_Sigma_060m,2,increasing,0.0*,0.0004572173803168757,13.301006748866806
TOWF_Sigma_010m,2,increasing,0.0*,0.0016249996423721314,14.457958892782528
TOWS_Sigma_025m,2,no trend,0.571,0.0,12.0
TOWY_Sigma_015m,2,decreasing,0.0*,-0.00027777883741590713,16.974886070798945
TOWY_Sigma_033m,2,no trend,0.175,-8.006435666111014e-05,14.40808040019764
TOWB_SolarRadWm2_015m,2,,NaN,,
TOWD_SolarRadWm2_002m,2,increasing,0.0*,0.00012674259142277358,-1.1447822869352817
TOWF_SolarRadWm2_010m,2,increasing,0.0*,0.0,0.0
TOWY_SolarRadWm2_015m,2,increasing,0.021*,0.0,0.0
TOWA_TempC_015m,2,decreasing,0.0*,-0.001641586606381856,9.220382684015325
TOWA_TempC_030m,2,decreasing,0.0*,-0.001664355128548843,9.451456209409585
TOWB_TempC_015m,2,decreasing,0.0*,-0.0015748028992980797,9.02519660797019
TOWB_TempC_030m,2,decreasing,0.0*,-0.0016317017428524843,9.102253547637336
TOWD_TempC_002m,2,decreasing,0.0*,-0.0019392370021797875,9.239172325183596
TOWD_TempC_015m,2,decreasing,0.0*,-0.001999999682108561,9.70916639500194
TOWD_TempC_035m,2,decreasing,0.0*,-0.00145602795573675,9.307396717382574
TOWD_TempC_060m,2,decreasing,0.0*,-0.002056214039619513,10.00165790290816
TOWF_TempC_010m,2,decreasing,0.0*,-0.0015204680593390214,8.887261558833876
TOWS_TempC_025m,2,decreasing,0.0*,-0.001775646596755276,9.55861139777435
TOWY_TempC_015m,2,decreasing,0.0*,-0.0016518846643922475,9.733623380369052
TOWY_TempC_033m,2,decreasing,0.0*,-0.001644168733807739,9.611941501239038
TOWA_VSSpdMph_015m,2,increasing,0.0*,5.630629455989545e-06,-0.05761167333131326
TOWA_VSSpdMph_030m,2,increasing,0.0*,9.43396381049786e-06,-0.012753932908142232
TOWB_VSSpdMph_015m,2,increasing,0.0*,8.403359591460028e-06,-0.003221986260713818
TOWB_VSSpdMph_030m,2,increasing,0.015*,0.0,-0.09000000357627869
TOWD_VSSpdMph_015m,2,decreasing,0.0*,0.0,-0.022369999438524246
TOWD_VSSpdMph_060m,2,increasing,0.0*,0.0,-0.022369999438524246
TOWF_VSSpdMph_010m,2,increasing,0.0*,6.523157183788061e-05,-0.11649815133813494
TOWS_VSSpdMph_025m,2,no trend,0.071,7.708117610871608e-06,0.06261716450527234
TOWY_VSSpdMph_015m,2,decreasing,0.0*,-1.4492739801821501e-05,-0.07055799313213515
TOWY_VSSpdMph_033m,2,decreasing,0.0*,-9.864366598399734e-06,-0.029683106552474157
TOWA_WDir_015m,2,no trend,0.367,0.0004897159647404506,220.93803254817772
TOWB_WDir_015m,2,decreasing,0.0*,-0.0019582245430809398,186.64360313315927
TOWD_WDir_060m,2,no trend,0.51,0.0004050629048407832,215.06930618769005
TOWF_WDir_010m,2,no trend,0.415,-0.000984251968503937,225.3386349415216
TOWS_WDir_025m,2,decreasing,0.004*,-0.001976284584980237,209.66205533596838
TOWY_WDir_033m,2,decreasing,0.005*,-0.0014064697609001407,215.90119549929676
TOWA_WSpdMph_015m,2,increasing,0.007*,0.0,3.0999999046325684
TOWA_WSpdMph_030m,2,increasing,0.0*,0.00016652793312549194,4.212170464129637
TOWB_WSpdMph_015m,2,increasing,0.0*,0.0002499999850988388,2.362479234468192
TOWB_WSpdMph_030m,2,increasing,0.0*,0.00026064287777261875,3.1480886745273358
TOWD_WSpdMph_015m,2,increasing,0.0*,0.00023612756515196674,2.5276268059134903
TOWD_WSpdMph_035m,2,increasing,0.0*,0.00010526318299142938,3.9620349594584683
TOWD_WSpdMph_060m,2,increasing,0.003*,0.00010272203865697829,5.165596963322095
TOWF_WSpdMph_010m,2,increasing,0.0*,0.0009907121628799675,3.6905056631848048
TOWS_WSpdMph_025m,2,increasing,0.006*,9.861923533783863e-05,6.8671434534607085
TOWY_WSpdMph_015m,2,no trend,0.135,0.0,4.199999809265137
TOWY_WSpdMph_033m,2,no trend,0.287,0.0,5.0
TOWA_AbsHum_015m,3,increasing,0.0*,0.0006196744491848994,5.079318687123536
TOWD_AbsHum_002m,3,increasing,0.0*,0.0010141987829614604,4.644083935800157
TOWD_AbsHum_015m,3,increasing,0.0*,0.0010526320091763834,4.396490504568382
TOWF_AbsHum_010m,3,increasing,0.0*,0.000609756242938158,4.836026264460591
TOWA_BarPresMb_015m,3,decreasing,0.0*,-0.000757951975885244,989.32664465652
TOWB_BarPresMb_015m,3,increasing,0.0*,0.00108642578125,989.454268391927
TOWD_BarPresMb_002m,3,decreasing,0.0*,-0.00041014123109620645,989.6079013222143
TOWD_BarPresMb_015m,3,decreasing,0.0*,-0.00041150588884602196,989.6096942135881
TOWF_BarPresMb_010m,3,increasing,0.0*,0.0012195866282393292,982.3539340631748
TOWY_BarPresMb_015m,3,decreasing,0.0*,-0.0010073118571993671,986.7971127280706
TOWA_PkWSpdMph_015m,3,decreasing,0.001*,-0.0001697791250128495,8.551655298785159
TOWA_PkWSpdMph_030m,3,decreasing,0.006*,-0.00014851494590834816,10.020198350534974
TOWB_PkWSpdMph_015m,3,increasing,0.016*,0.0001042752183888329,6.918856471088101
TOWB_PkWSpdMph_030m,3,increasing,0.004*,0.00016012871332222027,7.8221770638556745
TOWD_PkWSpdMph_015m,3,decreasing,0.0*,-0.0004385967700802095,8.243128809547796
TOWD_PkWSpdMph_035m,3,decreasing,0.0*,-0.00030983703991500656,9.860391640090647
TOWD_PkWSpdMph_060m,3,decreasing,0.0*,-0.0003285870233475183,11.28830788968122
TOWF_PkWSpdMph_010m,3,decreasing,0.0*,-0.0009572431397574984,9.666879387364391
TOWS_PkWSpdMph_025m,3,decreasing,0.019*,-0.00013927563319299214,13.006859324934755
TOWY_PkWSpdMph_015m,3,no trend,0.062,0.0,8.899999618530273
TOWY_PkWSpdMph_033m,3,no trend,0.647,0.0,10.100000381469727
TOWA_PrecipIn_015m,3,increasing,0.033*,0.0,0.0
TOWB_PrecipIn_015m,3,increasing,0.0*,0.0,0.0
TOWD_PrecipIn_002m,3,increasing,0.0*,0.0,0.0
TOWF_PrecipIn_010m,3,no trend,0.863,0.0,0.0
TOWY_PrecipIn_015m,3,no trend,0.151,0.0,0.0
TOWA_RelHum_015m,3,increasing,0.0*,0.0012234910277324632,60.477915224009976
TOWB_RelHum_015m,3,no trend,0.457,9.345651787018107e-05,62.04256547054398
TOWD_RelHum_002m,3,increasing,0.0*,0.00433333502875434,63.343994852701826
TOWD_RelHum_015m,3,increasing,0.0*,0.004297112452610641,55.17910050555487
TOWF_RelHum_010m,3,decreasing,0.0*,-0.002943971784252953,66.82692762521597
TOWY_RelHum_015m,3,decreasing,0.005*,-0.0005802693173318121,56.02514373218529
TOWA_SigPhi_015m,3,decreasing,0.0*,-0.00034453024851875403,17.41070829025124
TOWA_SigPhi_030m,3,decreasing,0.0*,-0.000291120537503838,14.63175582642812
TOWB_SigPhi_015m,3,decreasing,0.0*,-0.0003300326885563312,14.553931888180598
TOWB_SigPhi_030m,3,decreasing,0.003*,-0.00028669724770642203,12.768233754219265
TOWD_SigPhi_015m,3,decreasing,0.0*,-0.00026212294792285284,15.92463965247218
TOWD_SigPhi_060m,3,decreasing,0.0*,-0.0006060600280761719,10.648584763209024
TOWF_SigPhi_010m,3,increasing,0.0*,0.0005673760217977754,9.813333288828533
TOWS_SigPhi_025m,3,decreasing,0.0*,-0.00012795893107174453,8.29009403682106
TOWY_SigPhi_015m,3,decreasing,0.0*,-0.00017211687544331904,9.25563658925219
TOWY_SigPhi_033m,3,decreasing,0.0*,-0.0007067139494124234,12.149765060492763
TOWA_Sigma_015m,3,decreasing,0.0*,-0.0005531919763443317,29.5200156692072
TOWA_Sigma_030m,3,decreasing,0.0*,-0.0005859010663607845,20.868940106501906
TOWB_Sigma_015m,3,decreasing,0.0*,-0.0012390669163740064,27.151949467012557
TOWB_Sigma_030m,3,decreasing,0.0*,-0.00047028661029060564,20.3172405570325
TOWD_Sigma_015m,3,increasing,0.0*,0.0013855417090726187,24.683890750034745
TOWD_Sigma_035m,3,decreasing,0.0*,-0.0006705413293135075,19.193687134537964
TOWD_Sigma_060m,3,decreasing,0.0*,-0.0005164318801091871,15.267202593892206
TOWF_Sigma_010m,3,increasing,0.0*,0.0007481325296987024,15.998872079159554
TOWS_Sigma_025m,3,decreasing,0.0*,-0.0002498436093255924,13.171080411485699
TOWY_Sigma_015m,3,decreasing,0.0*,-0.000963081708880527,19.130417871054256
TOWY_Sigma_033m,3,decreasing,0.0*,-0.0010821646344446707,16.90268601434742
TOWB_SolarRadWm2_015m,3,,NaN,,
TOWD_SolarRadWm2_002m,3,increasing,0.0*,8.01923854310893e-05,1.501189639593184
TOWF_SolarRadWm2_010m,3,no trend,0.682,0.0,2.0
TOWY_SolarRadWm2_015m,3,no trend,0.127,0.0,0.0
TOWA_TempC_015m,3,increasing,0.0*,0.0013333333333333333,9.316333524068197
TOWA_TempC_030m,3,increasing,0.0*,0.0013932867696422652,9.227950549815208
TOWB_TempC_015m,3,increasing,0.0*,0.0013377913663219847,9.073803397724063
TOWB_TempC_030m,3,increasing,0.0*,0.001315789264545106,9.314913025376391
TOWD_TempC_002m,3,increasing,0.0*,0.0018154310566935344,8.552193970705485
TOWD_TempC_015m,3,increasing,0.0*,0.001901140741069054,8.84591228663638
TOWD_TempC_035m,3,increasing,0.0*,0.0014021674715993964,9.31696299218007
TOWD_TempC_060m,3,increasing,0.0*,0.0019946808510638296,9.030086436170214
TOWF_TempC_010m,3,increasing,0.0*,0.002457577977144209,6.920127762068496
TOWS_TempC_025m,3,increasing,0.0*,0.0014640398637087407,9.097269298059588
TOWY_TempC_015m,3,increasing,0.0*,0.0014071303505387583,9.63181197792385
TOWY_TempC_033m,3,increasing,0.0*,0.0014768725606650788,9.306105811132026
TOWA_VSSpdMph_015m,3,increasing,0.0*,1.2836970188039258e-05,-0.06905969223174935
TOWA_VSSpdMph_030m,3,increasing,0.0*,2.2123889189905824e-05,-0.022802353262417786
TOWB_VSSpdMph_015m,3,decreasing,0.0*,0.0,0.009999999776482582
TOWB_VSSpdMph_030m,3,decreasing,0.0*,-1.0982975118242731e-05,-0.08824089519886166
TOWD_VSSpdMph_015m,3,increasing,0.01*,0.0,-0.04473999887704849
TOWD_VSSpdMph_060m,3,increasing,0.0*,4.3213134781437694e-05,-0.09818024222342644
TOWF_VSSpdMph_010m,3,increasing,0.0*,0.0001435750093891393,-0.26036729723514623
TOWS_VSSpdMph_025m,3,decreasing,0.0*,-2.2692890463005218e-05,0.11971596492603759
TOWY_VSSpdMph_015m,3,increasing,0.0*,8.257638130869185e-06,-0.09227635356641951
TOWY_VSSpdMph_033m,3,increasing,0.001*,7.398274948799801e-06,-0.06099137122732497
TOWA_WDir_015m,3,decreasing,0.0*,-0.004464285714285714,227.62313988095238
TOWB_WDir_015m,3,decreasing,0.0*,-0.0068212824010914054,200.3275352432924
TOWD_WDir_060m,3,decreasing,0.0*,-0.005187592499782886,221.4031395110448
TOWF_WDir_010m,3,decreasing,0.0*,-0.011304125422919514,240.18613442401434
TOWS_WDir_025m,3,decreasing,0.0*,-0.007073386383731211,215.50338933097555
TOWY_WDir_033m,3,decreasing,0.0*,-0.0022471910112359553,215.3376404494382
TOWA_WSpdMph_015m,3,decreasing,0.035*,0.0,3.5999999046325684
TOWA_WSpdMph_030m,3,no trend,0.862,0.0,5.099999904632568
TOWB_WSpdMph_015m,3,increasing,0.0*,0.00017331006002178226,2.89943707609094
TOWB_WSpdMph_030m,3,increasing,0.0*,0.0002250564071529357,3.709564547623417
TOWD_WSpdMph_015m,3,decreasing,0.0*,-0.00011904764743078322,3.547400924161313
TOWD_WSpdMph_035m,3,no trend,0.225,0.0,4.800000190734863
TOWD_WSpdMph_060m,3,no trend,0.333,0.0,6.099999904632568
TOWF_WSpdMph_010m,3,increasing,0.0*,0.0006993005881498466,4.455478100973039
TOWS_WSpdMph_025m,3,no trend,0.613,0.0,7.599999904632568
TOWY_WSpdMph_015m,3,increasing,0.049*,4.3402788125806386e-05,4.535521445972672
TOWY_WSpdMph_033m,3,increasing,0.0*,0.00014250109447972562,5.188302844426593
TOWA_AbsHum_015m,4,decreasing,0.0*,-0.0003640776120343255,8.628155637327522
TOWD_AbsHum_002m,4,decreasing,0.0*,-0.000383877250832468,8.35211164674466
TOWD_AbsHum_015m,4,decreasing,0.0*,-0.00023148126072353788,7.836689493722385
TOWF_AbsHum_010m,4,increasing,0.0*,0.00037278622416614485,6.0876673705535636
TOWA_BarPresMb_015m,4,increasing,0.0*,0.0003486203288422429,984.694106006493
TOWB_BarPresMb_015m,4,increasing,0.0*,0.0008896797153024911,985.7201215895611
TOWD_BarPresMb_002m,4,no trend,0.284,-4.776664402173913e-05,985.3687677798064
TOWD_BarPresMb_015m,4,no trend,0.283,-4.7910259144516285e-05,985.3689825586584
TOWF_BarPresMb_010m,4,increasing,0.0*,0.001537722346393567,980.2900404930679
TOWY_BarPresMb_015m,4,no trend,0.31,5.60422161511392e-05,982.0694192857864
TOWA_PkWSpdMph_015m,4,decreasing,0.0*,-0.00036496489587491447,8.32691825915427
TOWA_PkWSpdMph_030m,4,decreasing,0.0*,-0.0003762227238525207,9.642983827669877
TOWB_PkWSpdMph_015m,4,no trend,0.246,0.0,6.599999904632568
TOWB_PkWSpdMph_030m,4,decreasing,0.003*,-0.00014684273808012976,7.809495544293553
TOWD_PkWSpdMph_015m,4,decreasing,0.0*,-0.00016313211110184023,7.43463816239995
TOWD_PkWSpdMph_035m,4,decreasing,0.0*,-0.00044483985765124553,9.141014234875446
TOWD_PkWSpdMph_060m,4,decreasing,0.0*,-0.00033783783783783786,10.586937318406664
TOWF_PkWSpdMph_010m,4,decreasing,0.0*,-0.001330799476275426,9.583176636197267
TOWS_PkWSpdMph_025m,4,decreasing,0.0*,-0.00023255791775015898,12.33486402173375
TOWY_PkWSpdMph_015m,4,decreasing,0.0*,-0.0002976191185769581,8.92852192756439
TOWY_PkWSpdMph_033m,4,decreasing,0.0*,-0.00031796547869999194,9.657817104346675
TOWA_PrecipIn_015m,4,decreasing,0.0*,0.0,0.0
TOWB_PrecipIn_015m,4,no trend,0.364,0.0,0.0
TOWD_PrecipIn_002m,4,decreasing,0.0*,0.0,0.0
TOWF_PrecipIn_010m,4,decreasing,0.0*,0.0,0.0
TOWY_PrecipIn_015m,4,decreasing,0.0*,0.0,0.0
TOWA_RelHum_015m,4,decreasing,0.0*,-0.0007666998337811473,68.31075333243263
TOWB_RelHum_015m,4,decreasing,0.0*,-0.0013100403365089383,69.54540710227111
TOWD_RelHum_002m,4,decreasing,0.014*,-0.000435096790515659,71.32301929419474
TOWD_RelHum_015m,4,decreasing,0.002*,-0.0006539212386133205,65.74083223381272
TOWF_RelHum_010m,4,decreasing,0.0*,-0.0011224205242528927,59.54189284323845
TOWY_RelHum_015m,4,decreasing,0.0*,-0.0027605626280878632,62.033570172260625
TOWA_SigPhi_015m,4,increasing,0.0*,0.00022675736961451248,17.27150453868817
TOWA_SigPhi_030m,4,increasing,0.0*,0.00024038467269677384,14.45176292822147
TOWB_SigPhi_015m,4,decreasing,0.014*,-0.00017381184070715345,15.089672107593394
TOWB_SigPhi_030m,4,no trend,0.206,9.302361066951308e-05,12.744968019381973
TOWD_SigPhi_015m,4,decreasing,0.0*,-0.00020661235840852595,15.597108762126323
TOWD_SigPhi_060m,4,no trend,0.179,6.95411286864725e-05,9.900133144112168
TOWF_SigPhi_010m,4,increasing,0.0*,0.0013968781946914158,9.307723263981114
TOWS_SigPhi_025m,4,no trend,0.559,0.0,8.5
TOWY_SigPhi_015m,4,no trend,0.513,0.0,9.399999618530273
TOWY_SigPhi_033m,4,increasing,0.0*,0.0003432492824295475,11.00577824151519
TOWA_Sigma_015m,4,increasing,0.0*,0.0012468827930174563,29.69368246051538
TOWA_Sigma_030m,4,increasing,0.0*,0.0006413686600424656,20.67087098262154
TOWB_Sigma_015m,4,increasing,0.004*,0.00034602015626196766,26.50432612615473
TOWB_Sigma_030m,4,increasing,0.0*,0.0006659271714425378,20.049333468834824
TOWD_Sigma_015m,4,increasing,0.0*,0.00100150225338007,25.559255549991654
TOWD_Sigma_035m,4,increasing,0.047*,0.00019860977922911204,18.41549225419375
TOWD_Sigma_060m,4,increasing,0.0*,0.00034687800260908657,14.501073806247264
TOWF_Sigma_010m,4,increasing,0.0*,0.0020015399395455938,15.71547295920568
TOWS_Sigma_025m,4,increasing,0.009*,0.00018083165394677822,13.139662314064894
TOWY_Sigma_015m,4,increasing,0.0*,0.0003051883934230552,17.56073217239975
TOWY_Sigma_033m,4,increasing,0.0*,0.00041841004184100416,15.098012361566392
TOWB_SolarRadWm2_015m,4,,NaN,,
TOWD_SolarRadWm2_002m,4,increasing,0.0*,0.0004950496229794946,44.181475212422534
TOWF_SolarRadWm2_010m,4,no trend,0.368,0.0,24.399999618530273
TOWY_SolarRadWm2_015m,4,increasing,0.029*,0.0,20.239099502563477
TOWA_TempC_015m,4,decreasing,0.0*,-0.0006626508322106786,15.759242491262505
TOWA_TempC_030m,4,decreasing,0.0*,-0.0006369428270182032,15.922399370660195
TOWB_TempC_015m,4,decreasing,0.0*,-0.000499001996007984,15.311993062773785
TOWB_TempC_030m,4,decreasing,0.0*,-0.0006060600280761719,15.764746268590292
TOWD_TempC_002m,4,decreasing,0.0*,-0.0007128965831467338,15.125264484131922
TOWD_TempC_015m,4,decreasing,0.0*,-0.0006090133982947625,15.775862387511191
TOWD_TempC_035m,4,decreasing,0.0*,-0.0011502512061793027,16.583081030428566
TOWD_TempC_060m,4,decreasing,0.0*,-0.0011408725569927098,16.8693322865305
TOWF_TempC_010m,4,increasing,0.0*,0.0009958991266931089,13.065895325549528
TOWS_TempC_025m,4,decreasing,0.0*,-0.000773262387399972,16.477323093537542
TOWY_TempC_015m,4,decreasing,0.0*,-0.0005656578757546165,16.481120049332127
TOWY_TempC_033m,4,decreasing,0.0*,-0.0005802174461105784,16.2798601221893
TOWA_VSSpdMph_015m,4,no trend,0.392,0.0,-0.05000000074505806
TOWA_VSSpdMph_030m,4,increasing,0.0*,7.315287427825481e-06,-0.0005614464474404564
TOWB_VSSpdMph_015m,4,increasing,0.0*,9.478672773917139e-06,-0.005803317405830767
TOWB_VSSpdMph_030m,4,increasing,0.0*,1.379313140079893e-05,-0.1129966019042607
TOWD_VSSpdMph_015m,4,no trend,0.114,0.0,-0.022369999438524246
TOWD_VSSpdMph_060m,4,increasing,0.0*,1.0838178022540818e-05,-0.034861902791004415
TOWF_VSSpdMph_010m,4,increasing,0.0*,4.9079854064192505e-05,0.027713511725754342
TOWS_VSSpdMph_025m,4,increasing,0.0*,2.6713126489371233e-05,0.032535326273760684
TOWY_VSSpdMph_015m,4,increasing,0.041*,0.0,-0.05000000074505806
TOWY_VSSpdMph_033m,4,increasing,0.0*,7.942239568982314e-06,-0.044435501093925765
TOWA_WDir_015m,4,increasing,0.0*,0.004003232774686737,212.4356753554245
TOWB_WDir_015m,4,decreasing,0.038*,-0.0009610764055742432,195.37161621015537
TOWD_WDir_060m,4,increasing,0.0*,0.003147696371132371,208.4665303014766
TOWF_WDir_010m,4,no trend,0.294,-0.0011323468531603857,230.25940179161148
TOWS_WDir_025m,4,increasing,0.0*,0.006016847172081829,200.33373445647814
TOWY_WDir_033m,4,increasing,0.0*,0.0039347948285553686,210.33291174817313
TOWA_WSpdMph_015m,4,decreasing,0.0*,-0.000193610657565476,3.5795576076193676
TOWA_WSpdMph_030m,4,decreasing,0.0*,-0.00017699126297042082,5.013053423535507
TOWB_WSpdMph_015m,4,increasing,0.009*,0.0,2.9000000953674316
TOWB_WSpdMph_030m,4,no trend,0.602,0.0,3.700000047683716
TOWD_WSpdMph_015m,4,no trend,0.405,0.0,3.200000047683716
TOWD_WSpdMph_035m,4,decreasing,0.0*,-0.00022026428217054639,4.617217467774145
TOWD_WSpdMph_060m,4,decreasing,0.001*,-0.00010576417117065881,5.851877159066203
TOWF_WSpdMph_010m,4,increasing,0.0*,0.0005834305717619603,4.599154216405808
TOWS_WSpdMph_025m,4,decreasing,0.0*,-0.00016090089240960315,7.431670277519563
TOWY_WSpdMph_015m,4,decreasing,0.0*,-0.00020955574182732607,4.501707688561029
TOWY_WSpdMph_033m,4,decreasing,0.0*,-0.0002588997381018975,5.372772472910382
TOWA_AbsHum_015m,5,no trend,0.981,0.0,13.0
TOWD_AbsHum_002m,5,no trend,0.645,0.0,12.600000381469727
TOWD_AbsHum_015m,5,increasing,0.0*,0.0002458516116807559,12.434562257605727
TOWF_AbsHum_010m,5,decreasing,0.0*,-0.0002915451895043732,11.606414375638822
TOWA_BarPresMb_015m,5,increasing,0.0*,0.0012037518305298795,983.6994881994849
TOWB_BarPresMb_015m,5,increasing,0.0*,0.0018497062786006744,984.3520827668863
TOWD_BarPresMb_002m,5,increasing,0.0*,0.0008522380482066761,984.3337629058144
TOWD_BarPresMb_015m,5,increasing,0.0*,0.0008532423208191126,984.3321286007271
TOWF_BarPresMb_010m,5,increasing,0.0*,0.0013683149453035917,980.7966810318509
TOWY_BarPresMb_015m,5,increasing,0.0*,0.0008796052358507969,981.1409356373589
TOWA_PkWSpdMph_015m,5,decreasing,0.003*,-0.00010101000467936198,6.151321404510075
TOWA_PkWSpdMph_030m,5,decreasing,0.001*,-0.0001448227994947827,7.416956431474945
TOWB_PkWSpdMph_015m,5,increasing,0.0*,0.00015163001370664976,4.956722088107293
TOWB_PkWSpdMph_030m,5,no trend,0.107,4.875689003887204e-05,5.821785917596741
TOWD_PkWSpdMph_015m,5,no trend,0.179,0.0,5.699999809265137
TOWD_PkWSpdMph_035m,5,decreasing,0.033*,0.0,6.599999904632568
TOWD_PkWSpdMph_060m,5,no trend,0.522,0.0,8.0
TOWF_PkWSpdMph_010m,5,decreasing,0.0*,-0.0003806418086472512,7.261111285951403
TOWS_PkWSpdMph_025m,5,decreasing,0.0*,-0.00031055920365927875,10.462163854912284
TOWY_PkWSpdMph_015m,5,decreasing,0.038*,0.0,7.599999904632568
TOWY_PkWSpdMph_033m,5,decreasing,0.009*,-7.861627722686192e-05,8.117000674582878
TOWA_PrecipIn_015m,5,decreasing,0.028*,0.0,0.0
TOWB_PrecipIn_015m,5,increasing,0.0*,0.0,0.0
TOWD_PrecipIn_002m,5,decreasing,0.046*,0.0,0.0
TOWF_PrecipIn_010m,5,no trend,0.66,0.0,0.0
TOWY_PrecipIn_015m,5,decreasing,0.035*,0.0,0.0
TOWA_RelHum_015m,5,decreasing,0.0*,-0.0006546669817985373,81.11723994532376
TOWB_RelHum_015m,5,decreasing,0.0*,-0.0016806786801634717,77.15392978518616
TOWD_RelHum_002m,5,no trend,0.781,0.0,80.19999694824219
TOWD_RelHum_015m,5,increasing,0.003*,0.00041666560702853734,77.18062962690989
TOWF_RelHum_010m,5,no trend,0.301,0.0002083301544189453,64.53811468680699
TOWY_RelHum_015m,5,decreasing,0.0*,-0.0009546575796632608,67.90103955295415
TOWA_SigPhi_015m,5,increasing,0.0*,0.0003271529302732245,17.510742792776394
TOWA_SigPhi_030m,5,increasing,0.0*,0.0004273506990525118,14.160897220301832
TOWB_SigPhi_015m,5,increasing,0.016*,0.0001841618869844721,15.458947722863536
TOWB_SigPhi_030m,5,increasing,0.0*,0.0004878044128417969,13.096626877784729
TOWD_SigPhi_015m,5,increasing,0.0*,0.0004314995635031625,14.859295064791722
TOWD_SigPhi_060m,5,increasing,0.0*,0.0003224506055285305,9.22183243215012
TOWF_SigPhi_010m,5,increasing,0.0*,0.0009702852525589609,10.614452992831188
TOWS_SigPhi_025m,5,increasing,0.0*,0.0001498127698005362,8.477028470212005
TOWY_SigPhi_015m,5,increasing,0.0*,0.0001867416303476143,9.322066588302361
TOWY_SigPhi_033m,5,increasing,0.0*,0.00030410513319584903,12.247516713164146
TOWA_Sigma_015m,5,no trend,0.105,0.00022925263640531865,33.557154208134754
TOWA_Sigma_030m,5,increasing,0.005*,0.00032649289316205837,23.011702670535044
TOWB_Sigma_015m,5,decreasing,0.0*,-0.0006589810969998455,30.861068633413133
TOWB_Sigma_030m,5,no trend,0.411,8.888753255208333e-05,22.35742439778646
TOWD_Sigma_015m,5,increasing,0.0*,0.0007580536042898423,26.673026212016314
TOWD_Sigma_035m,5,increasing,0.002*,0.0003159258982873456,18.22937648312407
TOWD_Sigma_060m,5,increasing,0.0*,0.0003821656455912661,14.231051085860866
TOWF_Sigma_010m,5,increasing,0.0*,0.0011063016567624722,17.97826144892913
TOWS_Sigma_025m,5,no trend,0.108,0.00011267541160046214,13.732301047598252
TOWY_Sigma_015m,5,no trend,0.336,6.002366614370358e-05,18.21066401395
TOWY_Sigma_033m,5,no trend,0.256,7.125037736556349e-05,16.193984613072036
TOWB_SolarRadWm2_015m,5,,NaN,,
TOWD_SolarRadWm2_002m,5,increasing,0.0*,0.0007981756530030967,91.79565899531137
TOWF_SolarRadWm2_010m,5,decreasing,0.011*,0.0,56.5
TOWY_SolarRadWm2_015m,5,no trend,0.328,0.0,56.52989959716797
TOWA_TempC_015m,5,no trend,0.237,-4.705900304457721e-05,19.769742205451518
TOWA_TempC_030m,5,decreasing,0.001*,-0.0001567404098271576,20.134404901426787
TOWB_TempC_015m,5,increasing,0.0*,0.00036900509767426776,18.807715686338266
TOWB_TempC_030m,5,increasing,0.0*,0.00025839398997698645,19.085557572909412
TOWD_TempC_002m,5,decreasing,0.042*,-9.980077990990674e-05,19.348271454958937
TOWD_TempC_015m,5,no trend,0.087,-7.369224868808148e-05,20.009524723142935
TOWD_TempC_035m,5,decreasing,0.0*,-0.00017804222220129358,20.259630070525038
TOWD_TempC_060m,5,decreasing,0.001*,-0.00014771011179741354,20.510190726148267
TOWF_TempC_010m,5,decreasing,0.0*,-0.0006936398544752529,21.705025837187133
TOWS_TempC_025m,5,decreasing,0.0*,-0.0002852488846534039,21.080101148423473
TOWY_TempC_015m,5,decreasing,0.007*,-0.0001261915285975875,21.132226259537365
TOWY_TempC_033m,5,decreasing,0.001*,-0.0001487425532206953,20.721341314405162
TOWA_VSSpdMph_015m,5,increasing,0.0*,5.285412144018278e-06,-0.06791754605063488
TOWA_VSSpdMph_030m,5,no trend,0.323,0.0,0.019999999552965164
TOWB_VSSpdMph_015m,5,increasing,0.0*,1.3957191941852971e-05,-0.01585337209714307
TOWB_VSSpdMph_030m,5,no trend,0.211,0.0,-0.05999999865889549
TOWD_VSSpdMph_015m,5,decreasing,0.003*,0.0,-0.022369999438524246
TOWD_VSSpdMph_060m,5,increasing,0.017*,0.0,-0.022369999438524246
TOWF_VSSpdMph_010m,5,increasing,0.0*,3.752345306620589e-05,-0.017632898780662307
TOWS_VSSpdMph_025m,5,decreasing,0.0*,-6.0483869079345934e-05,0.11103527916390764
TOWY_VSSpdMph_015m,5,decreasing,0.0*,-1.843318274493591e-05,-0.01257295928002777
TOWY_VSSpdMph_033m,5,decreasing,0.035*,-4.846524441184443e-06,0.00021122427537884937
TOWA_WDir_015m,5,decreasing,0.0*,-0.006671154916768447,224.52557276051428
TOWB_WDir_015m,5,decreasing,0.0*,-0.011318720804886813,196.15522817103846
TOWD_WDir_060m,5,decreasing,0.0*,-0.008333341039792455,222.90695591807767
TOWF_WDir_010m,5,decreasing,0.0*,-0.003950112409585066,220.41036077910468
TOWS_WDir_025m,5,decreasing,0.0*,-0.00998003992015968,223.853626081171
TOWY_WDir_033m,5,decreasing,0.0*,-0.0065298507462686565,220.71641791044777
TOWA_WSpdMph_015m,5,decreasing,0.0*,-4.835596859339819e-05,2.6724371455854787
TOWA_WSpdMph_030m,5,decreasing,0.0*,-8.841735087697428e-05,3.910521640912502
TOWB_WSpdMph_015m,5,increasing,0.0*,0.0001805056733775225,2.0104387679398417
TOWB_WSpdMph_030m,5,increasing,0.0*,0.00013717421840247793,2.579949643628976
TOWD_WSpdMph_015m,5,increasing,0.002*,4.5516597285941344e-05,2.5213206731740447
TOWD_WSpdMph_035m,5,decreasing,0.038*,0.0,3.5
TOWD_WSpdMph_060m,5,no trend,0.095,0.0,4.5
TOWF_WSpdMph_010m,5,increasing,0.0*,0.00031315235106083944,3.5778967267992434
TOWS_WSpdMph_025m,5,decreasing,0.0*,-0.00022288257972978022,6.331649278637913
TOWY_WSpdMph_015m,5,decreasing,0.004*,-5.6369732036397044e-05,3.983897046548269
TOWY_WSpdMph_033m,5,decreasing,0.0*,-9.832844035580916e-05,4.546321008653572
TOWA_AbsHum_015m,6,increasing,0.0*,0.00019646065642651032,15.418193369342676
TOWD_AbsHum_002m,6,increasing,0.005*,6.25784614954484e-05,15.410012172369544
TOWD_AbsHum_015m,6,increasing,0.0*,0.0003894080996884735,15.240031343382839
TOWF_AbsHum_010m,6,decreasing,0.0*,-0.00011494296720658225,13.994090969443779
TOWA_BarPresMb_015m,6,increasing,0.0*,0.0008137631267951173,984.2291549017921
TOWB_BarPresMb_015m,6,increasing,0.0*,0.0014787487093490064,984.6730542326884
TOWD_BarPresMb_002m,6,increasing,0.0*,0.0004752851711026616,984.6164881098256
TOWD_BarPresMb_015m,6,increasing,0.0*,0.0004748338081671415,984.6170184988883
TOWF_BarPresMb_010m,6,increasing,0.0*,0.0018086092042671439,980.3632188426643
TOWY_BarPresMb_015m,6,increasing,0.0*,0.0005295900134394006,981.4216996498672
TOWA_PkWSpdMph_015m,6,no trend,0.453,0.0,5.800000190734863
TOWA_PkWSpdMph_030m,6,no trend,0.92,0.0,7.0
TOWB_PkWSpdMph_015m,6,increasing,0.0*,0.0001494774013000397,4.770826230906822
TOWB_PkWSpdMph_030m,6,increasing,0.002*,0.00010198880555008456,5.343617164823204
TOWD_PkWSpdMph_015m,6,no trend,0.375,0.0,5.300000190734863
TOWD_PkWSpdMph_035m,6,no trend,0.074,0.0,6.400000095367432
TOWD_PkWSpdMph_060m,6,no trend,0.055,0.0,7.599999904632568
TOWF_PkWSpdMph_010m,6,decreasing,0.015*,-8.795066370498536e-05,6.248277394417198
TOWS_PkWSpdMph_025m,6,increasing,0.004*,0.00012360927643086323,9.222074365881081
TOWY_PkWSpdMph_015m,6,increasing,0.013*,0.0,7.300000190734863
TOWY_PkWSpdMph_033m,6,increasing,0.001*,0.00010610082105236914,7.647268058829978
TOWA_PrecipIn_015m,6,decreasing,0.0*,0.0,0.0
TOWB_PrecipIn_015m,6,no trend,0.075,0.0,0.0
TOWD_PrecipIn_002m,6,decreasing,0.0*,0.0,0.0
TOWF_PrecipIn_010m,6,decreasing,0.0*,0.0,0.0
TOWY_PrecipIn_015m,6,decreasing,0.0*,0.0,0.0
TOWA_RelHum_015m,6,decreasing,0.0*,-0.0015614603748128298,84.2733636105606
TOWB_RelHum_015m,6,decreasing,0.0*,-0.0038922170916955152,80.16531844783131
TOWD_RelHum_002m,6,decreasing,0.0*,-0.001403514125890899,83.81357798436929
TOWD_RelHum_015m,6,decreasing,0.0*,-0.001115934935993684,81.707688738576
TOWF_RelHum_010m,6,decreasing,0.0*,-0.004058784500880205,74.25427385174035
TOWY_RelHum_015m,6,decreasing,0.0*,-0.002638763899798823,72.59960317047647
TOWA_SigPhi_015m,6,no trend,0.997,0.0,18.0
TOWA_SigPhi_030m,6,no trend,0.068,0.0001262631079163214,14.718401703569624
TOWB_SigPhi_015m,6,no trend,0.313,-5.558664895482299e-05,16.592167296187842
TOWB_SigPhi_030m,6,increasing,0.0*,0.0005605381165919282,13.7638544430469
TOWD_SigPhi_015m,6,no trend,0.81,0.0,15.800000190734863
TOWD_SigPhi_060m,6,no trend,0.531,0.0,9.600000381469727
TOWF_SigPhi_010m,6,no trend,0.566,0.0,12.5
TOWS_SigPhi_025m,6,no trend,0.076,7.671664215661486e-05,8.789534046878261
TOWY_SigPhi_015m,6,no trend,0.356,3.669712521614285e-05,9.947171430157594
TOWY_SigPhi_033m,6,no trend,0.635,0.0,13.399999618530273
TOWA_Sigma_015m,6,increasing,0.008*,0.0004083692814513942,33.912594819405626
TOWA_Sigma_030m,6,no trend,0.063,0.00023682742799224763,23.859344243391604
TOWB_Sigma_015m,6,no trend,0.802,0.0,32.0
TOWB_Sigma_030m,6,increasing,0.0*,0.0005418714044129319,23.42471825107565
TOWD_Sigma_015m,6,increasing,0.0*,0.000598205764177195,27.74317032524659
TOWD_Sigma_035m,6,no trend,0.648,0.0,19.5
TOWD_Sigma_060m,6,increasing,0.0*,0.00036832421304551716,15.069030334680193
TOWF_Sigma_010m,6,no trend,0.41,-0.00011176402985651892,20.588750437619623
TOWS_Sigma_025m,6,no trend,0.279,8.110331019442543e-05,14.583244835631078
TOWY_Sigma_015m,6,no trend,0.145,-0.00011560664241254215,19.36645506023978
TOWY_Sigma_033m,6,decreasing,0.021*,-0.0001705515581210138,17.34553777464461
TOWB_SolarRadWm2_015m,6,,NaN,,
TOWD_SolarRadWm2_002m,6,increasing,0.0*,0.0012372634990420056,110.83371538266518
TOWF_SolarRadWm2_010m,6,increasing,0.016*,0.0,69.85000610351562
TOWY_SolarRadWm2_015m,6,increasing,0.002*,0.0,75.37319946289062
TOWA_TempC_015m,6,increasing,0.0*,0.0007279355272149042,21.457535663734323
TOWA_TempC_030m,6,increasing,0.0*,0.0006386369641249709,21.681374328322967
TOWB_TempC_015m,6,increasing,0.0*,0.0007561465517559664,21.618648181715773
TOWB_TempC_030m,6,increasing,0.0*,0.000732985092083197,21.646334693069857
TOWD_TempC_002m,6,increasing,0.0*,0.0005870826556957865,21.455725454615365
TOWD_TempC_015m,6,increasing,0.0*,0.0006375217264032972,21.683244138901784
TOWD_TempC_035m,6,increasing,0.0*,0.0006696432828903198,21.736997918536265
TOWD_TempC_060m,6,increasing,0.0*,0.0005850581624934954,21.958636844548025
TOWF_TempC_010m,6,increasing,0.0*,0.000839328308471387,21.482513993573512
TOWS_TempC_025m,6,increasing,0.0*,0.0005136430914685833,22.582620415206275
TOWY_TempC_015m,6,increasing,0.0*,0.0007168472454112063,22.634525472032553
TOWY_TempC_033m,6,increasing,0.0*,0.0006884562558141248,22.11984842159282
TOWA_VSSpdMph_015m,6,increasing,0.0*,1.0065425039237626e-05,-0.07449337192997774
TOWA_VSSpdMph_030m,6,increasing,0.0*,9.250695318342026e-06,0.016679768962311756
TOWB_VSSpdMph_015m,6,increasing,0.0*,1.4970059545632608e-05,-0.004819111668731564
TOWB_VSSpdMph_030m,6,increasing,0.0*,7.68639490890283e-06,-0.08283820139461817
TOWD_VSSpdMph_015m,6,no trend,0.667,0.0,-0.022369999438524246
TOWD_VSSpdMph_060m,6,decreasing,0.005*,0.0,-0.022369999438524246
TOWF_VSSpdMph_010m,6,increasing,0.0*,0.00011494251699087459,-0.17909001762003568
TOWS_VSSpdMph_025m,6,decreasing,0.0*,-3.116883627780072e-05,0.04488312424003304
TOWY_VSSpdMph_015m,6,decreasing,0.007*,-4.217627241057417e-06,-0.033926967347744405
TOWY_VSSpdMph_033m,6,no trend,0.682,-9.970091365032634e-07,0.00043561002497253956
TOWA_WDir_015m,6,decreasing,0.0*,-0.003732494395776633,216.37416984751906
TOWB_WDir_015m,6,decreasing,0.0*,-0.009399855386840203,202.45354302241503
TOWD_WDir_060m,6,decreasing,0.0*,-0.004968284300467429,214.15598548743992
TOWF_WDir_010m,6,no trend,0.703,0.0003656251338979662,216.28254445161417
TOWS_WDir_025m,6,decreasing,0.0*,-0.0023923444976076554,208.44557416267943
TOWY_WDir_033m,6,decreasing,0.0*,-0.0023551577955723034,210.39064217302558
TOWA_WSpdMph_015m,6,no trend,0.141,0.0,2.5
TOWA_WSpdMph_030m,6,increasing,0.0*,7.974493066279702e-05,3.6043194217101364
TOWB_WSpdMph_015m,6,increasing,0.0*,0.00013793106736807988,2.0026551730468354
TOWB_WSpdMph_030m,6,increasing,0.0*,0.00010438415849880784,2.450739256659148
TOWD_WSpdMph_015m,6,increasing,0.0*,0.00012505211001289244,2.1901522337566304
TOWD_WSpdMph_035m,6,no trend,0.921,0.0,3.299999952316284
TOWD_WSpdMph_060m,6,increasing,0.0*,0.00012771379901988297,4.016049367410165
TOWF_WSpdMph_010m,6,increasing,0.0*,0.00010958906722395387,3.3532967686762003
TOWS_WSpdMph_025m,6,increasing,0.015*,5.379231018427561e-05,5.422557004104704
TOWY_WSpdMph_015m,6,increasing,0.009*,4.490344150750478e-05,3.7353427384989364
TOWY_WSpdMph_033m,6,increasing,0.002*,7.022465212961261e-05,4.098899718415871
TOWA_AbsHum_015m,7,increasing,0.0*,0.0003846153846153846,17.1324046090933
TOWD_AbsHum_002m,7,increasing,0.0*,0.0002499993642171224,16.927000185648602
TOWD_AbsHum_015m,7,increasing,0.0*,0.00048041361310441496,17.084663367148075
TOWF_AbsHum_010m,7,increasing,0.0*,0.0007587253414264037,14.073368359046206
TOWA_BarPresMb_015m,7,decreasing,0.0*,-0.0001242704610783095,986.2906375408469
TOWB_BarPresMb_015m,7,increasing,0.0*,0.0005128205128205128,986.8330952440572
TOWD_BarPresMb_002m,7,decreasing,0.0*,-0.0003714710252600297,986.5553491827637
TOWD_BarPresMb_015m,7,decreasing,0.0*,-0.00037230081906180194,986.5567138247704
TOWF_BarPresMb_010m,7,increasing,0.0*,0.001288659793814433,981.8025099501987
TOWY_BarPresMb_015m,7,decreasing,0.0*,-0.00037156930512688614,983.4821244158263
TOWA_PkWSpdMph_015m,7,increasing,0.0*,0.00011695909221269931,4.926598303836224
TOWA_PkWSpdMph_030m,7,increasing,0.0*,0.00021240441801189465,5.885163360667006
TOWB_PkWSpdMph_015m,7,increasing,0.0*,0.0001557630913279881,4.210760919661537
TOWB_PkWSpdMph_030m,7,increasing,0.0*,0.0002672367717797969,4.475908795758914
TOWD_PkWSpdMph_015m,7,increasing,0.0*,0.0001745964959426407,4.3966092981488085
TOWD_PkWSpdMph_035m,7,increasing,0.0*,0.00015337445253243477,5.272417874850622
TOWD_PkWSpdMph_060m,7,increasing,0.0*,0.0004258338570848604,5.965188082183313
TOWF_PkWSpdMph_010m,7,increasing,0.0*,0.00023629489603024575,5.289240514999226
TOWS_PkWSpdMph_025m,7,increasing,0.0*,0.0003386001285527145,7.996501608842113
TOWY_PkWSpdMph_015m,7,increasing,0.0*,0.0002586652871184687,6.215041291078507
TOWY_PkWSpdMph_033m,7,increasing,0.0*,0.0003438114183122376,6.588379863232433
TOWA_PrecipIn_015m,7,increasing,0.002*,0.0,0.0
TOWB_PrecipIn_015m,7,increasing,0.0*,0.0,0.0
TOWD_PrecipIn_002m,7,increasing,0.001*,0.0,0.0
TOWF_PrecipIn_010m,7,increasing,0.007*,0.0,0.0
TOWY_PrecipIn_015m,7,increasing,0.004*,0.0,0.0
TOWA_RelHum_015m,7,increasing,0.003*,0.00020394237733551793,86.74615972100973
TOWB_RelHum_015m,7,decreasing,0.0*,-0.003981620940461093,80.30938679031598
TOWD_RelHum_002m,7,increasing,0.002*,0.00032077107127418303,83.22723385102925
TOWD_RelHum_015m,7,increasing,0.0*,0.000512851812900641,83.93636059883313
TOWF_RelHum_010m,7,increasing,0.0*,0.002922758926678301,65.91526770143767
TOWY_RelHum_015m,7,increasing,0.001*,0.0005458515283842794,71.89432009234699
TOWA_SigPhi_015m,7,increasing,0.001*,0.0002197810581752232,17.47519946325393
TOWA_SigPhi_030m,7,no trend,0.269,6.729500771852393e-05,14.800548812956915
TOWB_SigPhi_015m,7,no trend,0.14,-6.779686879303496e-05,16.800266682145285
TOWB_SigPhi_030m,7,increasing,0.0*,0.0017326733853557322,11.714314787399651
TOWD_SigPhi_015m,7,no trend,0.749,0.0,15.5
TOWD_SigPhi_060m,7,decreasing,0.017*,-0.00013483143924327378,9.999977687039179
TOWF_SigPhi_010m,7,decreasing,0.0*,-0.0003099170598116788,12.64062486588955
TOWS_SigPhi_025m,7,increasing,0.0*,0.0001855285800233179,8.424072428625458
TOWY_SigPhi_015m,7,increasing,0.003*,0.0001604279094838841,9.661470055112652
TOWY_SigPhi_033m,7,decreasing,0.0*,-0.0003329635857212689,14.795422259322635
TOWA_Sigma_015m,7,no trend,0.537,-8.810606296892208e-05,36.13019139238041
TOWA_Sigma_030m,7,decreasing,0.0*,-0.0005246816623953841,27.175304221663186
TOWB_Sigma_015m,7,decreasing,0.004*,-0.00041152420357912163,35.50871441033969
TOWB_Sigma_030m,7,increasing,0.0*,0.0015376729882111738,23.62501243247184
TOWD_Sigma_015m,7,decreasing,0.0*,-0.0009564309520498472,30.919343532841975
TOWD_Sigma_035m,7,decreasing,0.0*,-0.0006477742059993358,21.459515542636517
TOWD_Sigma_060m,7,decreasing,0.012*,-0.00024081855420245241,16.85761555299064
TOWF_Sigma_010m,7,decreasing,0.0*,-0.0009023793121162646,22.678111401809055
TOWS_Sigma_025m,7,no trend,0.145,0.00011363625526428223,15.131042018532753
TOWY_Sigma_015m,7,decreasing,0.0*,-0.0005119457179775824,21.161817509024083
TOWY_Sigma_033m,7,decreasing,0.0*,-0.0005213764337851929,18.97585234444797
TOWB_SolarRadWm2_015m,7,,NaN,,
TOWD_SolarRadWm2_002m,7,increasing,0.0*,0.00018867929026765643,102.33348897661803
TOWF_SolarRadWm2_010m,7,decreasing,0.0*,-6.180470268275446e-05,58.7581752067494
TOWY_SolarRadWm2_015m,7,decreasing,0.016*,0.0,64.90470123291016
TOWA_TempC_015m,7,increasing,0.0*,0.0002209932105975915,23.87418310611507
TOWA_TempC_030m,7,increasing,0.0*,0.00011661740850776695,24.12772617034245
TOWB_TempC_015m,7,increasing,0.0*,0.0002785515320334262,23.888996451545225
TOWB_TempC_030m,7,increasing,0.0*,0.00024999618530273436,24.030859417915345
TOWD_TempC_002m,7,increasing,0.001*,0.00011350781097585308,23.631023942454494
TOWD_TempC_015m,7,increasing,0.0*,0.00013477140359801422,23.99933737393231
TOWD_TempC_035m,7,increasing,0.0*,0.00013440911487866473,24.199875647235515
TOWD_TempC_060m,7,no trend,0.412,0.0,24.5
TOWF_TempC_010m,7,no trend,0.698,0.0,24.5
TOWS_TempC_025m,7,decreasing,0.01*,-6.909868610439016e-05,25.37498763248102
TOWY_TempC_015m,7,increasing,0.0*,0.000104921285108759,25.31605669241639
TOWY_TempC_033m,7,increasing,0.001*,9.142508954054958e-05,24.75283544934151
TOWA_VSSpdMph_015m,7,increasing,0.0*,7.189072448945063e-06,-0.07065719947508581
TOWA_VSSpdMph_030m,7,increasing,0.0*,7.794232093906923e-06,0.018444400730889578
TOWB_VSSpdMph_015m,7,increasing,0.024*,0.0,0.029999999329447746
TOWB_VSSpdMph_030m,7,increasing,0.0*,1.9704433057108538e-05,-0.07709523637202524
TOWD_VSSpdMph_015m,7,no trend,0.207,0.0,-0.022369999438524246
TOWD_VSSpdMph_060m,7,increasing,0.0*,0.0,-0.022369999438524246
TOWF_VSSpdMph_010m,7,increasing,0.001*,2.7972022136608203e-05,-0.05855476820194498
TOWS_VSSpdMph_025m,7,increasing,0.032*,6.519968468868936e-06,-0.013695193303197913
TOWY_VSSpdMph_015m,7,increasing,0.026*,0.0,-0.03999999910593033
TOWY_VSSpdMph_033m,7,decreasing,0.0*,-1.142857273166277e-05,0.03500476306879285
TOWA_WDir_015m,7,no trend,0.221,0.0008137445984438573,212.53677461577007
TOWB_WDir_015m,7,increasing,0.0*,0.004392386530014641,166.50475841874083
TOWD_WDir_060m,7,no trend,0.691,-0.0002146866866348378,207.81954324249872
TOWF_WDir_010m,7,no trend,0.098,-0.0016166563672777136,217.52011925959422
TOWS_WDir_025m,7,increasing,0.0*,0.0035688793718772305,199.69188674756126
TOWY_WDir_033m,7,increasing,0.0*,0.005541346973572037,197.75539926115374
TOWA_WSpdMph_015m,7,no trend,0.052,0.0,2.299999952316284
TOWA_WSpdMph_030m,7,increasing,0.0*,0.00010030092662172308,3.076170195358647
TOWB_WSpdMph_015m,7,increasing,0.0*,7.955449897804807e-05,1.7820073950905337
TOWB_WSpdMph_030m,7,increasing,0.0*,0.0001381214975652115,1.8957297198584175
TOWD_WSpdMph_015m,7,increasing,0.0*,0.00016220623365960658,2.0183828963109307
TOWD_WSpdMph_035m,7,increasing,0.0*,0.0001427551238218603,2.58849634011388
TOWD_WSpdMph_060m,7,increasing,0.0*,0.00034687812075506237,3.08398979349935
TOWF_WSpdMph_010m,7,increasing,0.0*,0.00012594446427275613,2.994647598686987
TOWS_WSpdMph_025m,7,increasing,0.0*,0.0001739129812821098,4.641362506704054
TOWY_WSpdMph_015m,7,increasing,0.0*,0.0001729106353407978,3.2426945653932813
TOWY_WSpdMph_033m,7,increasing,0.0*,0.00022246933089480118,3.468947048833912
TOWA_AbsHum_015m,8,increasing,0.0*,0.00041736227045075126,16.57820054034624
TOWD_AbsHum_002m,8,increasing,0.0*,0.0002808988764044944,16.28157847829526
TOWD_AbsHum_015m,8,increasing,0.0*,0.00048309158267862237,16.58043432466074
TOWF_AbsHum_010m,8,increasing,0.0*,0.00029542069315382087,14.687198722732296
TOWA_BarPresMb_015m,8,increasing,0.001*,7.949610772307234e-05,985.9814137659441
TOWB_BarPresMb_015m,8,increasing,0.0*,0.0008320772341267965,986.259650202995
TOWD_BarPresMb_002m,8,decreasing,0.0*,-0.00010088353777749748,986.15032487825
TOWD_BarPresMb_015m,8,decreasing,0.0*,-0.00010173560886635301,986.1516199690805
TOWF_BarPresMb_010m,8,increasing,0.0*,0.0011869436201780415,982.0430022921689
TOWY_BarPresMb_015m,8,decreasing,0.0*,-0.0001415903352973453,983.2245906353528
TOWA_PkWSpdMph_015m,8,decreasing,0.001*,-7.107347652432591e-05,4.805745296753913
TOWA_PkWSpdMph_030m,8,decreasing,0.0*,-0.0001316945525613974,5.895928379838356
TOWB_PkWSpdMph_015m,8,no trend,0.371,0.0,4.0
TOWB_PkWSpdMph_030m,8,increasing,0.014*,7.230651094184264e-05,4.176892330313798
TOWD_PkWSpdMph_015m,8,decreasing,0.0*,-8.264464780318836e-05,4.543526300385635
TOWD_PkWSpdMph_035m,8,decreasing,0.0*,-0.0001233552435511037,5.483809783229637
TOWD_PkWSpdMph_060m,8,decreasing,0.0*,-0.00013236270528372987,6.396966544952767
TOWF_PkWSpdMph_010m,8,no trend,0.321,0.0,5.599999904632568
TOWS_PkWSpdMph_025m,8,decreasing,0.014*,-8.250856556908132e-05,7.922738557732669
TOWY_PkWSpdMph_015m,8,decreasing,0.019*,0.0,6.199999809265137
TOWY_PkWSpdMph_033m,8,decreasing,0.034*,0.0,6.400000095367432
TOWA_PrecipIn_015m,8,increasing,0.012*,0.0,0.0
TOWB_PrecipIn_015m,8,increasing,0.0*,0.0,0.0
TOWD_PrecipIn_002m,8,increasing,0.001*,0.0,0.0
TOWF_PrecipIn_010m,8,increasing,0.0*,0.0,0.0
TOWY_PrecipIn_015m,8,increasing,0.005*,0.0,0.0
TOWA_RelHum_015m,8,increasing,0.0*,0.0003883495145631068,89.41818922814427
TOWB_RelHum_015m,8,decreasing,0.0*,-0.001874995231628418,74.82811526457469
TOWD_RelHum_002m,8,increasing,0.0*,0.0014616943174792874,85.32743501278662
TOWD_RelHum_015m,8,increasing,0.0*,0.0008631281729250155,86.31631109893837
TOWF_RelHum_010m,8,increasing,0.0*,0.0014678023078224876,71.85201903635806
TOWY_RelHum_015m,8,increasing,0.0*,0.0007213699161952632,74.34535870840143
TOWA_SigPhi_015m,8,increasing,0.0*,0.00030421506109987845,16.54654210017554
TOWA_SigPhi_030m,8,increasing,0.0*,0.0004573188176969203,13.418328573790992
TOWB_SigPhi_015m,8,decreasing,0.014*,-0.00015923475763600343,16.176112688271104
TOWB_SigPhi_030m,8,increasing,0.0*,0.0004550626795988983,13.810921695045238
TOWD_SigPhi_015m,8,no trend,0.139,-8.572665499455419e-05,15.127482679864817
TOWD_SigPhi_060m,8,no trend,0.056,9.900980656689937e-05,9.153853465424906
TOWF_SigPhi_010m,8,decreasing,0.039*,-0.00015120977355587866,12.662499785423279
TOWS_SigPhi_025m,8,no trend,0.146,5.580365125622068e-05,8.216969007969878
TOWY_SigPhi_015m,8,no trend,0.221,5.637000082848172e-05,9.416144926267565
TOWY_SigPhi_033m,8,no trend,0.091,8.726036777463051e-05,14.270192549768195
TOWA_Sigma_015m,8,increasing,0.0*,0.0014539604618399131,32.7327522941347
TOWA_Sigma_030m,8,increasing,0.0*,0.0013170278195715802,23.33685951967081
TOWB_Sigma_015m,8,decreasing,0.018*,-0.00045317225345792127,34.58579992455658
TOWB_Sigma_030m,8,no trend,0.509,0.0001017815587478133,25.723501913865004
TOWD_Sigma_015m,8,increasing,0.024*,0.0002936868765630736,28.664266952275646
TOWD_Sigma_035m,8,increasing,0.0*,0.0003944775683561647,19.212293406471254
TOWD_Sigma_060m,8,increasing,0.0*,0.00046040515653775324,15.019175684034934
TOWF_Sigma_010m,8,no trend,0.918,0.0,22.399999618530273
TOWS_Sigma_025m,8,increasing,0.002*,0.000253968011765253,14.522201037028479
TOWY_Sigma_015m,8,increasing,0.0*,0.0003215446349508893,20.021621969351813
TOWY_Sigma_033m,8,increasing,0.001*,0.0002638522427440633,17.907475050604962
TOWB_SolarRadWm2_015m,8,,NaN,,
TOWD_SolarRadWm2_002m,8,increasing,0.0*,0.0,64.4000015258789
TOWF_SolarRadWm2_010m,8,no trend,0.265,0.0,34.5
TOWY_SolarRadWm2_015m,8,no trend,0.959,0.0,35.592899322509766
TOWA_TempC_015m,8,increasing,0.0*,0.00024307243558580456,22.638632312429102
TOWA_TempC_030m,8,increasing,0.0*,0.0001499256093998899,22.876511273057623
TOWB_TempC_015m,8,increasing,0.0*,0.00013280178710072904,22.969711397291196
TOWB_TempC_030m,8,increasing,0.0*,0.0001362403017298727,23.06379261393638
TOWD_TempC_002m,8,increasing,0.011*,7.800192989164879e-05,22.583816888365842
TOWD_TempC_015m,8,increasing,0.0*,0.0001647421319952121,22.854616975862857
TOWD_TempC_035m,8,increasing,0.0*,0.00019097617254423103,23.015540228055915
TOWD_TempC_060m,8,increasing,0.001*,9.008871542440878e-05,23.265812476905616
TOWF_TempC_010m,8,no trend,0.511,0.0,23.600000381469727
TOWS_TempC_025m,8,increasing,0.012*,6.74238482725273e-05,24.135789619680363
TOWY_TempC_015m,8,increasing,0.0*,0.00017786992906633538,24.068665422014135
TOWY_TempC_033m,8,increasing,0.0*,0.0001876934154613598,23.498475182163823
TOWA_VSSpdMph_015m,8,increasing,0.001*,0.0,-0.05999999865889549
TOWA_VSSpdMph_030m,8,increasing,0.0*,5.073565658973837e-06,0.022450956426032925
TOWB_VSSpdMph_015m,8,increasing,0.0*,1.7094013527927235e-05,0.0003675268787858843
TOWB_VSSpdMph_030m,8,increasing,0.0*,1.3106159602205219e-05,-0.052719526999870495
TOWD_VSSpdMph_015m,8,no trend,0.373,0.0,-0.022369999438524246
TOWD_VSSpdMph_060m,8,no trend,0.134,0.0,0.0
TOWF_VSSpdMph_010m,8,no trend,0.072,1.3404812953427394e-05,-0.08326963687829933
TOWS_VSSpdMph_025m,8,no trend,0.303,3.059440246828786e-06,-0.03855270388837913
TOWY_VSSpdMph_015m,8,decreasing,0.0*,-2.6857655498740283e-05,-0.020044759828602862
TOWY_VSSpdMph_033m,8,no trend,0.058,-4.711425978387624e-06,0.024008639685555118
TOWA_WDir_015m,8,no trend,0.399,0.0005555470784505208,201.17348483403524
TOWB_WDir_015m,8,no trend,0.365,-0.0006093845216331506,146.55641885029453
TOWD_WDir_060m,8,decreasing,0.013*,-0.0013993018749414356,190.6804181660848
TOWF_WDir_010m,8,no trend,0.382,0.0009434058231377752,204.76232000466914
TOWS_WDir_025m,8,no trend,0.77,0.0,192.0
TOWY_WDir_033m,8,increasing,0.002*,0.0015748031496062992,174.65734908136483
TOWA_WSpdMph_015m,8,decreasing,0.0*,-5.042859537698858e-05,2.2750335952217267
TOWA_WSpdMph_030m,8,decreasing,0.0*,-8.532415071038255e-05,3.3057948842186975
TOWB_WSpdMph_015m,8,increasing,0.014*,0.0,1.7999999523162842
TOWB_WSpdMph_030m,8,increasing,0.0*,6.811988694791248e-05,1.7819027988194445
TOWD_WSpdMph_015m,8,no trend,0.249,0.0,2.200000047683716
TOWD_WSpdMph_035m,8,decreasing,0.0*,-4.935835332766926e-05,2.773465843415841
TOWD_WSpdMph_060m,8,no trend,0.851,0.0,3.4000000953674316
TOWF_WSpdMph_010m,8,no trend,0.085,0.0,2.799999952316284
TOWS_WSpdMph_025m,8,decreasing,0.002*,-6.060614730372573e-05,4.590171846163393
TOWY_WSpdMph_015m,8,decreasing,0.001*,-4.537208867808652e-05,3.2675137156367087
TOWY_WSpdMph_033m,8,decreasing,0.001*,-6.142507606993728e-05,3.49139037104682
TOWA_AbsHum_015m,9,decreasing,0.0*,-0.0008333334555992713,16.057847010630827
TOWD_AbsHum_002m,9,decreasing,0.0*,-0.0005780343428459523,15.233428801856995
TOWD_AbsHum_015m,9,decreasing,0.0*,-0.0004160883687901596,15.599895405703213
TOWF_AbsHum_010m,9,decreasing,0.0*,-0.0011955598396281724,15.71930037839712
TOWA_BarPresMb_015m,9,decreasing,0.001*,-0.00011923203218153815,986.9158020767511
TOWB_BarPresMb_015m,9,increasing,0.0*,0.0008087951554376083,987.0332577957162
TOWD_BarPresMb_002m,9,decreasing,0.0*,-0.00015897604290871753,986.929242412902
TOWD_BarPresMb_015m,9,decreasing,0.0*,-0.00015929398263335987,986.9297805024813
TOWF_BarPresMb_010m,9,increasing,0.0*,0.0008911676728596435,983.0012787661683
TOWY_BarPresMb_015m,9,decreasing,0.0*,-0.00022743644590916056,984.0009340956127
TOWA_PkWSpdMph_015m,9,decreasing,0.0*,-9.59692555059627e-05,4.733093267143421
TOWA_PkWSpdMph_030m,9,increasing,0.0*,0.00013183918766230442,5.6171612106451905
TOWB_PkWSpdMph_015m,9,no trend,0.382,0.0,3.5999999046325684
TOWB_PkWSpdMph_030m,9,no trend,0.207,0.0,4.0
TOWD_PkWSpdMph_015m,9,no trend,0.108,0.0,4.099999904632568
TOWD_PkWSpdMph_035m,9,no trend,0.54,0.0,5.300000190734863
TOWD_PkWSpdMph_060m,9,no trend,0.445,0.0,6.199999809265137
TOWF_PkWSpdMph_010m,9,increasing,0.0*,0.00014295946111672262,5.948593683602954
TOWS_PkWSpdMph_025m,9,no trend,0.149,5.2002030490155154e-05,8.125116885359313
TOWY_PkWSpdMph_015m,9,no trend,0.259,0.0,6.0
TOWY_PkWSpdMph_033m,9,no trend,0.156,0.0,6.400000095367432
TOWA_PrecipIn_015m,9,decreasing,0.0*,0.0,0.0
TOWB_PrecipIn_015m,9,no trend,0.243,0.0,0.0
TOWD_PrecipIn_002m,9,decreasing,0.009*,0.0,0.0
TOWF_PrecipIn_010m,9,decreasing,0.024*,0.0,0.0
TOWY_PrecipIn_015m,9,no trend,0.05,0.0,0.0
TOWA_RelHum_015m,9,no trend,0.642,0.0,89.9000015258789
TOWB_RelHum_015m,9,decreasing,0.013*,-0.00048123195380173246,72.41397481948319
TOWD_RelHum_002m,9,increasing,0.0*,0.0009401696360009348,86.15524403063999
TOWD_RelHum_015m,9,no trend,0.442,0.0,86.30000305175781
TOWF_RelHum_010m,9,increasing,0.0*,0.0025149750852299308,68.65304693195397
TOWY_RelHum_015m,9,decreasing,0.0*,-0.0006340552067411119,75.49015914645172
TOWA_SigPhi_015m,9,increasing,0.0*,0.00028489865468777823,16.00498763380567
TOWA_SigPhi_030m,9,increasing,0.0*,0.0002890166060313554,13.199134348904236
TOWB_SigPhi_015m,9,decreasing,0.0*,-0.00029955086443820596,15.354892886643164
TOWB_SigPhi_030m,9,increasing,0.0*,0.0003734828154691238,12.001649429892366
TOWD_SigPhi_015m,9,no trend,0.804,0.0,14.800000190734863
TOWD_SigPhi_060m,9,no trend,0.193,-5.681839856234464e-05,8.681539518273238
TOWF_SigPhi_010m,9,increasing,0.0*,0.00030487800032142704,10.986280569458396
TOWS_SigPhi_025m,9,no trend,0.088,6.443308186285274e-05,7.207221922275844
TOWY_SigPhi_015m,9,no trend,0.095,7.567151315366504e-05,7.991033402528449
TOWY_SigPhi_033m,9,decreasing,0.017*,-0.0001218520365140963,12.674989678770618
TOWA_Sigma_015m,9,increasing,0.0*,0.0008632133048210803,31.100132743359246
TOWA_Sigma_030m,9,increasing,0.0*,0.0005037778570910245,22.299748778643476
TOWB_Sigma_015m,9,no trend,0.495,0.00011415350927065496,29.364737604306715
TOWB_Sigma_030m,9,increasing,0.002*,0.0004677268475210477,20.24582087722269
TOWD_Sigma_015m,9,decreasing,0.009*,-0.00035046862664623793,29.104908849591407
TOWD_Sigma_035m,9,decreasing,0.001*,-0.00035561877667140827,18.09771849431942
TOWD_Sigma_060m,9,no trend,0.226,-9.689959444740946e-05,14.039357385278056
TOWF_Sigma_010m,9,increasing,0.006*,0.0003728560775540641,18.470246466480912
TOWS_Sigma_025m,9,no trend,0.498,0.0,12.300000190734863
TOWY_Sigma_015m,9,no trend,0.062,-0.00014025298943860667,18.10140291136411
TOWY_Sigma_033m,9,no trend,0.488,0.0,15.550000190734863
TOWB_SolarRadWm2_015m,9,,NaN,,
TOWD_SolarRadWm2_002m,9,increasing,0.004*,0.0,18.5
TOWF_SolarRadWm2_010m,9,no trend,0.533,0.0,9.75
TOWY_SolarRadWm2_015m,9,no trend,0.729,0.0,4.885300159454346
TOWA_TempC_015m,9,decreasing,0.0*,-0.0008353807416536298,22.15832501336456
TOWA_TempC_030m,9,decreasing,0.0*,-0.0008196713494472817,22.339412244616963
TOWB_TempC_015m,9,decreasing,0.001*,-0.00020768511208665952,21.645898791240878
TOWB_TempC_030m,9,decreasing,0.0*,-0.00028408928350968796,21.83659845274506
TOWD_TempC_002m,9,decreasing,0.0*,-0.0008104454016481526,21.96812120930275
TOWD_TempC_015m,9,decreasing,0.0*,-0.0006958248601045097,22.30291480209118
TOWD_TempC_035m,9,decreasing,0.0*,-0.0007088337755775244,22.421724436543975
TOWD_TempC_060m,9,decreasing,0.0*,-0.0008372571816436911,22.8067670659455
TOWF_TempC_010m,9,decreasing,0.0*,-0.002363268062120189,26.088212175302722
TOWS_TempC_025m,9,decreasing,0.0*,-0.001016969461321332,23.7337947888105
TOWY_TempC_015m,9,decreasing,0.0*,-0.000769660815183702,23.43862913077264
TOWY_TempC_033m,9,decreasing,0.0*,-0.0007794803502608319,23.00828805241455
TOWA_VSSpdMph_015m,9,increasing,0.0*,0.0,-0.05000000074505806
TOWA_VSSpdMph_030m,9,decreasing,0.0*,-7.855457905606782e-06,0.0308942104250575
TOWB_VSSpdMph_015m,9,increasing,0.0*,1.9607842698985456e-05,-0.013236927808706764
TOWB_VSSpdMph_030m,9,increasing,0.0*,9.970089507958706e-06,-0.06330674687501361
TOWD_VSSpdMph_015m,9,no trend,0.454,0.0,0.0
TOWD_VSSpdMph_060m,9,no trend,0.145,0.0,0.0
TOWF_VSSpdMph_010m,9,no trend,0.729,0.0,-0.09000000357627869
TOWS_VSSpdMph_025m,9,increasing,0.0*,2.96896285856301e-05,-0.13677780330181122
TOWY_VSSpdMph_015m,9,decreasing,0.0*,-4.716981465945829e-05,-0.022264149725296584
TOWY_VSSpdMph_033m,9,decreasing,0.0*,-2.931228921808546e-05,0.042094890007938895
TOWA_WDir_015m,9,increasing,0.014*,0.0015088747560662032,97.90744219246218
TOWB_WDir_015m,9,increasing,0.022*,0.001292824822236587,63.46886446886447
TOWD_WDir_060m,9,decreasing,0.0*,-0.002722445078896653,86.42395084038304
TOWF_WDir_010m,9,no trend,0.657,0.0004926174145026747,191.1199776562564
TOWS_WDir_025m,9,increasing,0.0*,0.0020931449502878076,87.98517355660213
TOWY_WDir_033m,9,increasing,0.0*,0.001466275659824047,69.89418377321603
TOWA_WSpdMph_015m,9,decreasing,0.0*,-4.8971549771091264e-05,2.2679195062537385
TOWA_WSpdMph_030m,9,increasing,0.0*,0.00011890595081161517,3.163624735564596
TOWB_WSpdMph_015m,9,no trend,0.563,0.0,1.7000000476837158
TOWB_WSpdMph_030m,9,no trend,0.108,0.0,1.899999976158142
TOWD_WSpdMph_015m,9,increasing,0.007*,0.0,2.0999999046325684
TOWD_WSpdMph_035m,9,no trend,0.124,0.0,2.700000047683716
TOWD_WSpdMph_060m,9,increasing,0.0*,0.0001386961229300532,3.3001388868577934
TOWF_WSpdMph_010m,9,no trend,0.259,0.0,3.299999952316284
TOWS_WSpdMph_025m,9,increasing,0.031*,4.823927826428264e-05,4.830535534666865
TOWY_WSpdMph_015m,9,increasing,0.007*,4.142498120653205e-05,3.040510179538221
TOWY_WSpdMph_033m,9,increasing,0.01*,5.221933359888142e-05,3.425013036952006
TOWA_AbsHum_015m,10,decreasing,0.0*,-0.0009569368864360609,11.196569831747757
TOWD_AbsHum_002m,10,decreasing,0.0*,-0.0009219862890581712,11.1683815080787
TOWD_AbsHum_015m,10,decreasing,0.0*,-0.0007445141439527554,11.104921032471218
TOWF_AbsHum_010m,10,increasing,0.0*,0.0011695906432748538,8.513060047380176
TOWA_BarPresMb_015m,10,decreasing,0.0*,-0.0005237978980654762,988.0958550492544
TOWB_BarPresMb_015m,10,no trend,0.5,0.0,989.5
TOWD_BarPresMb_002m,10,decreasing,0.0*,-0.0008206473704938452,988.8184317692783
TOWD_BarPresMb_015m,10,decreasing,0.0*,-0.0008201902983444753,988.8179581789791
TOWF_BarPresMb_010m,10,increasing,0.0*,0.0008534503356152205,983.128434189805
TOWY_BarPresMb_015m,10,decreasing,0.0*,-0.0008005994431515958,985.7745776886636
TOWA_PkWSpdMph_015m,10,no trend,0.052,4.101718811836274e-05,4.739862156755324
TOWA_PkWSpdMph_030m,10,increasing,0.0*,0.00016103121009617804,5.763901407463987
TOWB_PkWSpdMph_015m,10,increasing,0.0*,0.00017605638000327097,3.7455545168002726
TOWB_PkWSpdMph_030m,10,increasing,0.0*,0.0002175489139349414,4.28538791693032
TOWD_PkWSpdMph_015m,10,no trend,0.206,0.0,4.5
TOWD_PkWSpdMph_035m,10,no trend,0.431,0.0,5.5
TOWD_PkWSpdMph_060m,10,increasing,0.0*,0.00013764628195713408,6.394895473992942
TOWF_PkWSpdMph_010m,10,decreasing,0.044*,-7.448783487976206e-05,6.733693153602594
TOWS_PkWSpdMph_025m,10,increasing,0.0*,0.00020100531266562302,8.300870975337835
TOWY_PkWSpdMph_015m,10,no trend,0.239,0.0,6.0
TOWY_PkWSpdMph_033m,10,increasing,0.006*,0.0,6.400000095367432
TOWA_PrecipIn_015m,10,decreasing,0.0*,0.0,0.0
TOWB_PrecipIn_015m,10,decreasing,0.002*,0.0,0.0
TOWD_PrecipIn_002m,10,decreasing,0.014*,0.0,0.0
TOWF_PrecipIn_010m,10,decreasing,0.0*,0.0,0.0
TOWY_PrecipIn_015m,10,decreasing,0.001*,0.0,0.0
TOWA_RelHum_015m,10,decreasing,0.0*,-0.0009082225267107582,91.71839883055483
TOWB_RelHum_015m,10,decreasing,0.0*,-0.000473190933371944,82.18892148014875
TOWD_RelHum_002m,10,no trend,0.104,0.0,90.30000305175781
TOWD_RelHum_015m,10,decreasing,0.0*,-0.0008532423208191126,88.65768070676627
TOWF_RelHum_010m,10,decreasing,0.0*,-0.0016686549772096618,81.08284007039485
TOWY_RelHum_015m,10,decreasing,0.0*,-0.0013333333333333333,76.89788888888889
TOWA_SigPhi_015m,10,increasing,0.001*,0.00021141628886378087,16.390557788139166
TOWA_SigPhi_030m,10,increasing,0.031*,0.00013901769728214239,13.29652443041137
TOWB_SigPhi_015m,10,decreasing,0.0*,-0.000250312652396917,14.309407297750289
TOWB_SigPhi_030m,10,increasing,0.0*,0.00032223333733678503,11.201693123743349
TOWD_SigPhi_015m,10,no trend,0.511,0.0,14.300000190734863
TOWD_SigPhi_060m,10,no trend,0.794,0.0,8.399999618530273
TOWF_SigPhi_010m,10,no trend,0.054,-0.000148368518501078,11.868893593166513
TOWS_SigPhi_025m,10,no trend,0.42,0.0,7.199999809265137
TOWY_SigPhi_015m,10,no trend,0.725,0.0,7.900000095367432
TOWY_SigPhi_033m,10,decreasing,0.0*,-0.0003099175524120488,12.161131300791565
TOWA_Sigma_015m,10,increasing,0.005*,0.0004233700254022015,32.68075001323893
TOWA_Sigma_030m,10,no trend,0.462,-8.149912615762849e-05,22.41920529225377
TOWB_Sigma_015m,10,decreasing,0.014*,-0.00039370228925089196,27.886681265092584
TOWB_Sigma_030m,10,increasing,0.001*,0.0004597704072564954,19.231684699490913
TOWD_Sigma_015m,10,no trend,0.137,0.0001834869384765625,27.727904160817463
TOWD_Sigma_035m,10,no trend,0.702,0.0,17.100000381469727
TOWD_Sigma_060m,10,no trend,0.314,7.183866939325442e-05,13.49296675062956
TOWF_Sigma_010m,10,increasing,0.0*,0.00066815187246072,17.96263853868203
TOWS_Sigma_025m,10,no trend,0.837,0.0,11.800000190734863
TOWY_Sigma_015m,10,decreasing,0.0*,-0.0004830920945811003,18.11884065526695
TOWY_Sigma_033m,10,decreasing,0.0*,-0.00026041703919569653,15.587456960748467
TOWB_SolarRadWm2_015m,10,,NaN,,
TOWD_SolarRadWm2_002m,10,decreasing,0.015*,0.0,-0.800000011920929
TOWF_SolarRadWm2_010m,10,decreasing,0.0*,-0.00012453300310101635,0.6957762586250561
TOWY_SolarRadWm2_015m,10,no trend,0.28,0.0,0.0
TOWA_TempC_015m,10,decreasing,0.0*,-0.0010978047719258748,17.004258325237952
TOWA_TempC_030m,10,decreasing,0.0*,-0.0010935602616858222,17.1962338434438
TOWB_TempC_015m,10,decreasing,0.001*,-0.00025466990187536476,16.714920174690985
TOWB_TempC_030m,10,decreasing,0.0*,-0.0003009793272226533,16.67190935906534
TOWD_TempC_002m,10,decreasing,0.0*,-0.0013071900767549858,17.33986969243467
TOWD_TempC_015m,10,decreasing,0.0*,-0.0011273957158962795,17.373242950941197
TOWD_TempC_035m,10,decreasing,0.0*,-0.0011387147765228715,17.389947430523122
TOWD_TempC_060m,10,decreasing,0.0*,-0.0012066353500159077,17.690747030899715
TOWF_TempC_010m,10,increasing,0.0*,0.0019277090049651731,12.86546435988093
TOWS_TempC_025m,10,decreasing,0.0*,-0.001332682437980425,18.16058569064513
TOWY_TempC_015m,10,decreasing,0.0*,-0.0012061866916154688,18.1286423440282
TOWY_TempC_033m,10,decreasing,0.0*,-0.0011650357437819475,17.62294697737727
TOWA_VSSpdMph_015m,10,increasing,0.001*,0.0,-0.05000000074505806
TOWA_VSSpdMph_030m,10,no trend,0.943,0.0,0.019999999552965164
TOWB_VSSpdMph_015m,10,increasing,0.0*,9.51474587425065e-06,-0.0017657763925178673
TOWB_VSSpdMph_030m,10,increasing,0.0*,6.242197113909227e-06,-0.06771899557333708
TOWD_VSSpdMph_015m,10,decreasing,0.0*,0.0,0.0
TOWD_VSSpdMph_060m,10,no trend,0.218,0.0,0.0
TOWF_VSSpdMph_010m,10,increasing,0.0*,9.988900997596364e-05,-0.23369033883876691
TOWS_VSSpdMph_025m,10,increasing,0.0*,1.712614762205428e-05,-0.06248656249639094
TOWY_VSSpdMph_015m,10,decreasing,0.0*,-4.1666668063650526e-05,-0.008003470441649875
TOWY_VSSpdMph_033m,10,decreasing,0.0*,-2.399183174613302e-05,0.03269784629285673
TOWA_WDir_015m,10,increasing,0.001*,0.0021582700035884753,140.0406493746559
TOWB_WDir_015m,10,increasing,0.0*,0.0015060240963855422,65.773468875502
TOWD_WDir_060m,10,decreasing,0.027*,-0.0010731729647008384,122.29804092376213
TOWF_WDir_010m,10,increasing,0.0*,0.006060616335884891,192.76665440312138
TOWS_WDir_025m,10,increasing,0.0*,0.0024311183144246355,175.3829011345219
TOWY_WDir_033m,10,increasing,0.0*,0.0029749256268593286,103.5723190253577
TOWA_WSpdMph_015m,10,no trend,0.053,0.0,2.200000047683716
TOWA_WSpdMph_030m,10,increasing,0.0*,0.00012217473896378487,3.1517307253554843
TOWB_WSpdMph_015m,10,increasing,0.0*,0.0001526717693751095,1.574262018647737
TOWB_WSpdMph_030m,10,increasing,0.0*,0.0001843318411831482,2.027449964140234
TOWD_WSpdMph_015m,10,increasing,0.04*,0.0,2.0999999046325684
TOWD_WSpdMph_035m,10,increasing,0.016*,0.0,2.799999952316284
TOWD_WSpdMph_060m,10,increasing,0.0*,0.00019317447026161248,3.512363166096743
TOWF_WSpdMph_010m,10,decreasing,0.001*,-6.882305893500919e-05,3.52031427289565
TOWS_WSpdMph_025m,10,increasing,0.0*,0.00013037797214154935,5.10600863301925
TOWY_WSpdMph_015m,10,no trend,0.053,0.0,3.0
TOWY_WSpdMph_033m,10,increasing,0.002*,6.1162021181999e-05,3.308970620508223
TOWA_AbsHum_015m,11,decreasing,0.0*,-0.0004540779067042319,6.653834345828535
TOWD_AbsHum_002m,11,decreasing,0.0*,-0.0004492939972295994,6.447694928907767
TOWD_AbsHum_015m,11,decreasing,0.0*,-0.00032948897737254814,6.37391507448828
TOWF_AbsHum_010m,11,increasing,0.0*,0.00029239784672013965,5.543640060731542
TOWA_BarPresMb_015m,11,increasing,0.0*,0.0008839127872716559,988.6218865236677
TOWB_BarPresMb_015m,11,increasing,0.0*,0.0012728767728843477,990.4691667013034
TOWD_BarPresMb_002m,11,increasing,0.0*,0.0007265104797215497,989.2552051805892
TOWD_BarPresMb_015m,11,increasing,0.0*,0.0007264119564669088,989.2552257965802
TOWF_BarPresMb_010m,11,increasing,0.0*,0.001636913844517299,983.2836419854846
TOWY_BarPresMb_015m,11,increasing,0.0*,0.0006665808009350394,986.1696470966489
TOWA_PkWSpdMph_015m,11,no trend,0.442,0.0,5.199999809265137
TOWA_PkWSpdMph_030m,11,increasing,0.0*,0.00021321966704020877,6.208208885655474
TOWB_PkWSpdMph_015m,11,increasing,0.003*,7.552880895101772e-05,3.895908713130672
TOWB_PkWSpdMph_030m,11,increasing,0.0*,0.00015479861398230395,4.686674705415318
TOWD_PkWSpdMph_015m,11,no trend,0.732,0.0,4.699999809265137
TOWD_PkWSpdMph_035m,11,increasing,0.001*,9.84736817743554e-05,5.858271753506259
TOWD_PkWSpdMph_060m,11,increasing,0.0*,0.0002568494783688898,6.930222558376451
TOWF_PkWSpdMph_010m,11,increasing,0.0*,0.00018656698625479172,6.830923668706595
TOWS_PkWSpdMph_025m,11,increasing,0.0*,0.00032626435184945484,9.031022182912396
TOWY_PkWSpdMph_015m,11,no trend,0.055,0.0,6.199999809265137
TOWY_PkWSpdMph_033m,11,no trend,0.353,0.0,6.900000095367432
TOWA_PrecipIn_015m,11,decreasing,0.0*,0.0,0.0
TOWB_PrecipIn_015m,11,decreasing,0.0*,0.0,0.0
TOWD_PrecipIn_002m,11,decreasing,0.006*,0.0,0.0
TOWF_PrecipIn_010m,11,decreasing,0.02*,0.0,0.0
TOWY_PrecipIn_015m,11,decreasing,0.0*,0.0,0.0
TOWA_RelHum_015m,11,decreasing,0.0*,-0.004142502071251036,84.38375063529827
TOWB_RelHum_015m,11,decreasing,0.0*,-0.002894356005788712,83.9236839541018
TOWD_RelHum_002m,11,decreasing,0.0*,-0.0022091981631555033,86.77719363243257
TOWD_RelHum_015m,11,decreasing,0.0*,-0.003805899143672693,81.7735203368831
TOWF_RelHum_010m,11,decreasing,0.0*,-0.0021645021645021645,76.6213924963925
TOWY_RelHum_015m,11,decreasing,0.0*,-0.004887215176919349,76.5284405232671
TOWA_SigPhi_015m,11,decreasing,0.0*,-0.0002452978226169639,16.154823491150303
TOWA_SigPhi_030m,11,no trend,0.06,-0.00011867096152486681,13.171637767352133
TOWB_SigPhi_015m,11,decreasing,0.0*,-0.0006838902876369859,13.222149725984536
TOWB_SigPhi_030m,11,decreasing,0.0*,-0.00043911314606348865,11.027960372617
TOWD_SigPhi_015m,11,decreasing,0.0*,-0.00040526810388072284,14.083586069588241
TOWD_SigPhi_060m,11,decreasing,0.0*,-0.00024524829929990316,8.952115627189563
TOWF_SigPhi_010m,11,decreasing,0.003*,-0.00014771034657691043,11.013035438085412
TOWS_SigPhi_025m,11,decreasing,0.0*,-0.0002256317689530686,7.124345858604899
TOWY_SigPhi_015m,11,decreasing,0.0*,-0.0003030302548649335,7.8356060867357735
TOWY_SigPhi_033m,11,no trend,0.701,0.0,10.699999809265137
TOWA_Sigma_015m,11,decreasing,0.0*,-0.0006662631020410215,32.16363929619145
TOWA_Sigma_030m,11,decreasing,0.015*,-0.00027422320908122784,20.99654999373527
TOWB_Sigma_015m,11,no trend,0.954,0.0,24.200000762939453
TOWB_Sigma_030m,11,decreasing,0.013*,-0.0003301885892760079,18.69735368853845
TOWD_Sigma_015m,11,decreasing,0.0*,-0.0008583682801078829,28.835621520685024
TOWD_Sigma_035m,11,decreasing,0.0*,-0.0005355403625280274,17.670285173299753
TOWD_Sigma_060m,11,decreasing,0.001*,-0.00025284425950080497,13.864053592971242
TOWF_Sigma_010m,11,decreasing,0.0*,-0.00035496996092264355,18.41192546384088
TOWS_Sigma_025m,11,decreasing,0.0*,-0.00048161116665173745,11.592315670592146
TOWY_Sigma_015m,11,decreasing,0.003*,-0.00021126773995412907,17.10364379630962
TOWY_Sigma_033m,11,decreasing,0.001*,-0.00021528504764815578,14.609005995792517
TOWB_SolarRadWm2_015m,11,,NaN,,
TOWD_SolarRadWm2_002m,11,decreasing,0.0*,0.0,-1.100000023841858
TOWF_SolarRadWm2_010m,11,no trend,0.168,0.0,0.0
TOWY_SolarRadWm2_015m,11,increasing,0.042*,0.0,0.0
TOWA_TempC_015m,11,no trend,0.521,0.0,8.600000381469727
TOWA_TempC_030m,11,no trend,0.927,0.0,8.800000190734863
TOWB_TempC_015m,11,decreasing,0.0*,-0.0007708481165104675,8.727587424269126
TOWB_TempC_030m,11,decreasing,0.0*,-0.0007180469123982767,8.864767831498325
TOWD_TempC_002m,11,decreasing,0.0*,-0.00044876546581556484,8.445362327699797
TOWD_TempC_015m,11,no trend,0.114,-8.565302323988724e-05,8.723190842144495
TOWD_TempC_035m,11,no trend,0.233,-5.88927589119955e-05,8.884702701240041
TOWD_TempC_060m,11,no trend,0.106,-8.562418495309478e-05,9.18439207567702
TOWF_TempC_010m,11,no trend,0.83,0.0,9.199999809265137
TOWS_TempC_025m,11,no trend,0.392,-4.900524686983134e-05,9.159338248155233
TOWY_TempC_015m,11,no trend,0.483,-3.3468223479856926e-05,9.27033752380126
TOWY_TempC_033m,11,no trend,0.801,0.0,9.05555534362793
TOWA_VSSpdMph_015m,11,increasing,0.0*,7.256887128633408e-06,-0.05039428043650958
TOWA_VSSpdMph_030m,11,increasing,0.0*,7.674595482607393e-06,-0.0002040144672674979
TOWB_VSSpdMph_015m,11,increasing,0.0*,8.156608188521803e-06,0.0001930378644832021
TOWB_VSSpdMph_030m,11,increasing,0.0*,1.5420200117937674e-05,-0.07856334956753946
TOWD_VSSpdMph_015m,11,increasing,0.0*,0.0,0.0
TOWD_VSSpdMph_060m,11,increasing,0.0*,0.0,0.0
TOWF_VSSpdMph_010m,11,increasing,0.0*,4.124926303282301e-05,-0.1496223758516383
TOWS_VSSpdMph_025m,11,no trend,0.114,5.6867941575204715e-06,-0.024173819562368644
TOWY_VSSpdMph_015m,11,decreasing,0.0*,-2.617800988608006e-05,-0.04235820149650137
TOWY_VSSpdMph_033m,11,decreasing,0.001*,-6.211181142315361e-06,0.009925467349004624
TOWA_WDir_015m,11,increasing,0.0*,0.005018489170628632,153.38425509101342
TOWB_WDir_015m,11,no trend,0.054,0.0006317119393556538,70.12002526847758
TOWD_WDir_060m,11,no trend,0.861,-7.94269055767226e-05,136.61428207930732
TOWF_WDir_010m,11,decreasing,0.001*,-0.0028877887788778876,214.26443817172245
TOWS_WDir_025m,11,increasing,0.032*,0.0011682242990654205,175.32067757009347
TOWY_WDir_033m,11,increasing,0.0*,0.0031974420463629096,112.402344790834
TOWA_WSpdMph_015m,11,no trend,0.297,0.0,2.5
TOWA_WSpdMph_030m,11,increasing,0.0*,0.00023419209330645882,3.5209991051571894
TOWB_WSpdMph_015m,11,increasing,0.0*,0.00013422821992195694,1.7129305803269081
TOWB_WSpdMph_030m,11,increasing,0.0*,0.00018966334685153338,2.4354987052203483
TOWD_WSpdMph_015m,11,increasing,0.004*,0.0,2.299999952316284
TOWD_WSpdMph_035m,11,increasing,0.0*,0.00013175228472388413,3.01051830353665
TOWD_WSpdMph_060m,11,increasing,0.0*,0.000278440750868622,3.899416763818539
TOWF_WSpdMph_010m,11,increasing,0.0*,0.00013679899258315698,3.718445032377485
TOWS_WSpdMph_025m,11,increasing,0.0*,0.00029239877622727064,5.579652392608613
TOWY_WSpdMph_015m,11,decreasing,0.008*,-4.6860360328348975e-05,3.167373387694652
TOWY_WSpdMph_033m,11,no trend,0.732,0.0,3.799999952316284
TOWA_AbsHum_015m,12,increasing,0.0*,0.00046992481203007516,4.926401846988458
TOWD_AbsHum_002m,12,increasing,0.0*,0.00038281576220708315,4.73320955347376
TOWD_AbsHum_015m,12,increasing,0.0*,0.0005397068691327192,4.603527683244821
TOWF_AbsHum_010m,12,increasing,0.0*,0.0005750431282346176,4.739304102447404
TOWA_BarPresMb_015m,12,decreasing,0.013*,-0.0001208166705472211,988.3766562474271
TOWB_BarPresMb_015m,12,increasing,0.0*,0.000431060791015625,990.0585219065348
TOWD_BarPresMb_002m,12,decreasing,0.01*,-0.00013030111207247558,988.9942341757908
TOWD_BarPresMb_015m,12,decreasing,0.01*,-0.0001312015563484252,988.9955765130952
TOWF_BarPresMb_010m,12,increasing,0.0*,0.0011058162550602291,983.1578506542043
TOWY_BarPresMb_015m,12,decreasing,0.0*,-0.00018484381596328242,985.8811263617404
TOWA_PkWSpdMph_015m,12,decreasing,0.0*,-0.00031015994395794367,6.176224202755849
TOWA_PkWSpdMph_030m,12,decreasing,0.0*,-0.00028968713789107763,7.551390307527014
TOWB_PkWSpdMph_015m,12,decreasing,0.0*,-0.00015873025964807582,4.796931246769281
TOWB_PkWSpdMph_030m,12,decreasing,0.0*,-0.0002417404934055473,5.800221547768572
TOWD_PkWSpdMph_015m,12,decreasing,0.0*,-0.0004048583271739247,5.603205169295217
TOWD_PkWSpdMph_035m,12,decreasing,0.0*,-0.00022271693682086494,6.876447302461467
TOWD_PkWSpdMph_060m,12,decreasing,0.0*,-0.00016194345497409343,8.240688459955246
TOWF_PkWSpdMph_010m,12,decreasing,0.0*,-0.0003169570974238134,7.475409233044268
TOWS_PkWSpdMph_025m,12,decreasing,0.0*,-0.00036199103653161235,10.639578187339806
TOWY_PkWSpdMph_015m,12,decreasing,0.0*,-0.0004232805241983404,7.231922453883674
TOWY_PkWSpdMph_033m,12,decreasing,0.0*,-0.0004362579231058806,8.251296629002722
TOWA_PrecipIn_015m,12,decreasing,0.0*,0.0,0.0
TOWB_PrecipIn_015m,12,no trend,0.096,0.0,0.0
TOWD_PrecipIn_002m,12,no trend,0.881,0.0,0.0
TOWF_PrecipIn_010m,12,no trend,0.145,0.0,0.0
TOWY_PrecipIn_015m,12,no trend,0.236,0.0,0.0
TOWA_RelHum_015m,12,no trend,0.073,0.00013648910453039695,83.80433149456363
TOWB_RelHum_015m,12,increasing,0.0*,0.0005238344683080147,79.00466060088904
TOWD_RelHum_002m,12,increasing,0.0*,0.002074237473666928,83.98112021020059
TOWD_RelHum_015m,12,increasing,0.0*,0.0021424068169692964,76.55565787653691
TOWF_RelHum_010m,12,increasing,0.0*,0.0027638152616107883,75.37039936327655
TOWY_RelHum_015m,12,increasing,0.0*,0.0017790960505593696,69.73765996493968
TOWA_SigPhi_015m,12,no trend,0.575,0.0,15.5
TOWA_SigPhi_030m,12,increasing,0.0*,0.0005966040342977803,12.13835462346543
TOWB_SigPhi_015m,12,decreasing,0.0*,-0.0003745308827222807,12.76510512526215
TOWB_SigPhi_030m,12,decreasing,0.0*,-0.0002234634740392589,10.77756025671293
TOWD_SigPhi_015m,12,decreasing,0.0*,-0.0005181348947101868,14.072971097826677
TOWD_SigPhi_060m,12,decreasing,0.003*,-0.0001273890209805434,8.289470318674788
TOWF_SigPhi_010m,12,increasing,0.045*,7.43497259997967e-05,9.98838905112303
TOWS_SigPhi_025m,12,no trend,0.906,0.0,6.900000095367432
TOWY_SigPhi_015m,12,no trend,0.694,0.0,7.599999904632568
TOWY_SigPhi_033m,12,increasing,0.002*,0.00011668655947459342,10.125553784320346
TOWA_Sigma_015m,12,increasing,0.0*,0.0008480099393741336,26.963036931372383
TOWA_Sigma_030m,12,increasing,0.0*,0.0018018043792999542,16.90405034052359
TOWB_Sigma_015m,12,increasing,0.018*,0.0002502086661675257,22.78955397892237
TOWB_Sigma_030m,12,no trend,0.342,-7.411482753518988e-05,17.691593955831966
TOWD_Sigma_015m,12,increasing,0.003*,0.00032078857312353064,24.521543843186254
TOWD_Sigma_035m,12,decreasing,0.0*,-0.0007380074680511362,16.71439144365022
TOWD_Sigma_060m,12,no trend,0.063,0.00012239890407903103,12.418217609095018
TOWF_Sigma_010m,12,increasing,0.0*,0.000343643103268548,15.884134046673639
TOWS_Sigma_025m,12,increasing,0.0*,0.00023557141007841639,10.748861563797007
TOWY_Sigma_015m,12,decreasing,0.0*,-0.00024307243558580456,16.16140839037836
TOWY_Sigma_033m,12,no trend,0.746,0.0,13.600000381469727
TOWB_SolarRadWm2_015m,12,,NaN,,
TOWD_SolarRadWm2_002m,12,decreasing,0.0*,-7.16845194498698e-05,-0.9941996468438042
TOWF_SolarRadWm2_010m,12,decreasing,0.009*,0.0,-0.10000000149011612
TOWY_SolarRadWm2_015m,12,no trend,0.906,0.0,0.0
TOWA_TempC_015m,12,increasing,0.0*,0.0009290227567516087,4.848039442502358
TOWA_TempC_030m,12,increasing,0.0*,0.0010358220192189355,4.891497961378255
TOWB_TempC_015m,12,increasing,0.0*,0.0012214550994775804,4.990790436670493
TOWB_TempC_030m,12,increasing,0.0*,0.0010532476247717163,5.197308229428183
TOWD_TempC_002m,12,increasing,0.0*,0.00045475216007276033,4.824579354251933
TOWD_TempC_015m,12,increasing,0.0*,0.0008464329476223891,4.942905809887952
TOWD_TempC_035m,12,increasing,0.0*,0.0008891523414344991,4.979460771647727
TOWD_TempC_060m,12,increasing,0.0*,0.0008928490965810723,5.2739701880269125
TOWF_TempC_010m,12,increasing,0.0*,0.0009679063145020028,5.152818646732991
TOWS_TempC_025m,12,increasing,0.0*,0.00107109243586912,4.8811356900102005
TOWY_TempC_015m,12,increasing,0.0*,0.00085910570990179,5.388460395672068
TOWY_TempC_033m,12,increasing,0.0*,0.0009664236669748962,5.117677997780447
TOWA_VSSpdMph_015m,12,increasing,0.0*,1.3404825437644212e-05,-0.05883601298339339
TOWA_VSSpdMph_030m,12,increasing,0.0*,1.7953324307231117e-05,-0.011790847601419185
TOWB_VSSpdMph_015m,12,increasing,0.0*,0.0,0.0
TOWB_VSSpdMph_030m,12,increasing,0.0*,1.1862395938887998e-05,-0.07473408294798929
TOWD_VSSpdMph_015m,12,increasing,0.0*,0.0,0.0
TOWD_VSSpdMph_060m,12,increasing,0.0*,1.5654305922893313e-05,-0.019462215838637113
TOWF_VSSpdMph_010m,12,increasing,0.0*,8.720929857141287e-05,-0.19082848139911004
TOWS_VSSpdMph_025m,12,decreasing,0.0*,-1.2987013254965936e-05,0.058860388102491834
TOWY_VSSpdMph_015m,12,decreasing,0.0*,-1.5760442407888347e-05,-0.056482791398889926
TOWY_VSSpdMph_033m,12,decreasing,0.0*,-1.9653178823246893e-05,0.006383140060952558
TOWA_WDir_015m,12,no trend,0.056,-0.0009638545024825866,222.10738516428384
TOWB_WDir_015m,12,decreasing,0.0*,-0.0026086956521739132,117.63695804761804
TOWD_WDir_060m,12,decreasing,0.0*,-0.0045138888888888885,218.50124726472077
TOWF_WDir_010m,12,decreasing,0.0*,-0.0063475530427899,239.12609633248258
TOWS_WDir_025m,12,no trend,0.656,0.0,212.0
TOWY_WDir_033m,12,no trend,0.177,0.00043840420868040335,213.34801987432414
TOWA_WSpdMph_015m,12,decreasing,0.0*,-0.00018832393958743683,2.8752353423396073
TOWA_WSpdMph_030m,12,decreasing,0.05*,0.0,4.099999904632568
TOWB_WSpdMph_015m,12,no trend,0.877,0.0,2.200000047683716
TOWB_WSpdMph_030m,12,decreasing,0.018*,-3.98089266886377e-05,3.049436052126173
TOWD_WSpdMph_015m,12,decreasing,0.0*,-0.0001624695756975758,2.742309833021626
TOWD_WSpdMph_035m,12,decreasing,0.001*,-9.784738144995882e-05,3.7213877352696962
TOWD_WSpdMph_060m,12,decreasing,0.003*,-7.911422584630267e-05,4.817504213203358
TOWF_WSpdMph_010m,12,decreasing,0.0*,-7.892652299334519e-05,4.199802492957653
TOWS_WSpdMph_025m,12,decreasing,0.0*,-0.00023059199902756593,6.843755022550344
TOWY_WSpdMph_015m,12,decreasing,0.0*,-0.00023183922126451638,3.946116542045386
TOWY_WSpdMph_033m,12,decreasing,0.0*,-0.00025983660329069664,4.787914491030167
