year,height,median,mean,std,count,min,max,variable,tower
2017,015m,16.399999618530273,15.28241812025218,8.488802477972847,34837,-13.5,33.70000076293945,TempC,TOWA
2017,030m,16.700000762939453,15.480391595932863,8.394077145063873,34883,-12.899999618530273,33.29999923706055,TempC,TOWA
2018,015m,16.399999618530273,14.902016364546414,9.654511565011324,34716,-17.100000381469727,33.20000076293945,TempC,TOWA
2018,030m,16.399999618530273,14.950475258076168,9.569863491977763,34718,-15.0,32.900001525878906,TempC,TOWA
2019,015m,16.5,15.37715863731127,9.091537975032853,34582,-10.0,34.29999923706055,TempC,TOWA
2019,030m,16.799999237060547,15.579544010600932,9.022576199739595,34606,-10.100000381469727,34.20000076293945,TempC,TOWA
2020,015m,15.399999618530273,14.93711815426714,8.58992696384251,34471,-11.100000381469727,35.099998474121094,TempC,TOWA
2020,030m,15.5,15.1109569125012,8.44612146711498,34444,-10.600000381469727,34.599998474121094,TempC,TOWA
2021,015m,16.399999618530273,15.031656814037653,8.692073985876405,34337,-7.300000190734863,33.0,TempC,TOWA
2021,030m,16.299999237060547,15.093801530527761,8.492626764119183,34444,-7.099999904632568,32.5,TempC,TOWA
2022,015m,15.699999809265137,14.620274144486713,9.545422274053742,33851,-16.100000381469727,35.20000076293945,TempC,TOWA
2022,030m,15.899999618530273,14.85815203269223,9.317149473716015,34243,-16.0,34.599998474121094,TempC,TOWA
2017,015m,15.300000190734863,14.276320067423883,8.860198018691872,32006,-14.300000190734863,33.599998474121094,TempC,TOWB
2017,030m,15.5,14.503548765135765,8.686836680010304,31983,-13.699999809265137,33.5,TempC,TOWB
2018,015m,16.799999237060547,14.835072462882586,10.136615466796552,30360,-17.5,34.0,TempC,TOWB
2018,030m,16.899999618530273,14.963009353453668,10.04184740647486,30259,-23.799999237060547,33.599998474121094,TempC,TOWB
2019,015m,16.5,15.319054169105184,9.287794616447572,34869,-10.100000381469727,34.79999923706055,TempC,TOWB
2019,030m,16.600000381469727,15.428512100010286,9.232638384095422,34915,-10.399999618530273,34.70000076293945,TempC,TOWB
2020,015m,16.799999237060547,16.012895660106004,8.425601023788007,31972,-7.900000095367432,35.29999923706055,TempC,TOWB
2020,030m,16.799999237060547,16.096621195990007,8.324018140151102,31964,-7.699999809265137,35.099998474121094,TempC,TOWB
2021,015m,17.200000762939453,15.775627103275358,8.542158808489681,31494,-7.300000190734863,33.0,TempC,TOWB
2021,030m,17.200000762939453,15.862815143355384,8.426675189404333,31494,-7.400000095367432,32.79999923706055,TempC,TOWB
2022,015m,18.600000381469727,16.530814958369657,9.657462271924645,23044,-15.600000381469727,35.29999923706055,TempC,TOWB
2022,030m,18.600000381469727,16.56615030982753,9.664159883844992,23046,-15.5,35.20000076293945,TempC,TOWB
2017,002m,16.100000381469727,14.989846591508444,8.843025847996016,35003,-15.199999809265137,35.099998474121094,TempC,TOWD
2017,015m,16.600000381469727,15.422952740728391,8.504895821334655,34998,-13.5,33.400001525878906,TempC,TOWD
2017,035m,16.799999237060547,15.524752135691774,8.416965648606377,34999,-13.100000381469727,33.0,TempC,TOWD
2017,060m,17.0,15.744598418817146,8.344221488416476,34999,-12.5,32.79999923706055,TempC,TOWD
2018,002m,15.800000190734863,14.619481296459343,9.97545702282164,34972,-17.299999237060547,34.400001525878906,TempC,TOWD
2018,015m,16.299999237060547,14.947912737534798,9.660884292751282,34974,-15.600000381469727,33.400001525878906,TempC,TOWD
2018,035m,16.399999618530273,15.000051470335258,9.606225972799576,34974,-15.399999618530273,33.099998474121094,TempC,TOWD
2018,060m,16.700000762939453,15.170369419619009,9.564625424293473,34974,-14.899999618530273,33.0,TempC,TOWD
2019,002m,16.100000381469727,15.10966856432528,9.429202320724066,34969,-10.0,35.70000076293945,TempC,TOWD
2019,015m,16.700000762939453,15.507683510202423,9.087532342609299,34971,-9.800000190734863,34.599998474121094,TempC,TOWD
2019,035m,16.799999237060547,15.596139659560926,9.029897719409723,34971,-10.0,34.20000076293945,TempC,TOWD
2019,060m,17.165313720703125,15.821637441710363,8.976666559019252,34971,-10.088801383972168,34.06267547607422,TempC,TOWD
2020,002m,15.199999809265137,14.687185264961528,8.997068805015399,35069,-11.899999618530273,36.400001525878906,TempC,TOWD
2020,015m,15.650000095367432,15.115962360222301,8.580394637948029,35070,-10.800000190734863,35.20000076293945,TempC,TOWD
2020,035m,15.699999809265137,15.205546045827244,8.464051238575655,35070,-10.399999618530273,34.70000076293945,TempC,TOWD
2020,060m,15.899999618530273,15.421048728545582,8.361882401044676,35071,-9.699999809265137,34.5,TempC,TOWD
2021,002m,15.600000381469727,14.45202478801358,9.019393284275475,35016,-8.100000381469727,34.099998474121094,TempC,TOWD
2021,015m,16.100000381469727,14.904506254274422,8.619538350594796,35018,-7.5,32.70000076293945,TempC,TOWD
2021,035m,16.200000762939453,15.005166063949419,8.513629517460332,35017,-7.400000095367432,32.29999923706055,TempC,TOWD
2021,060m,16.399999618530273,15.244138225266614,8.42108138261054,35015,-7.400000095367432,32.20000076293945,TempC,TOWD
2022,002m,16.799999237060547,15.070147230299417,10.121860502415469,29478,-17.200000762939453,36.099998474121094,TempC,TOWD
2022,015m,17.899999618530273,15.89361370302508,9.530270638653148,29485,-16.100000381469727,34.900001525878906,TempC,TOWD
2022,035m,16.556065559387207,15.12607938390493,9.641712464743065,31160,-23.5,34.672245025634766,TempC,TOWD
2022,060m,18.600000381469727,15.938204450502097,9.692086895363044,26031,-21.600000381469727,34.099998474121094,TempC,TOWD
2017,010m,8.600000381469727,7.925380068066445,6.355761437501243,6249,-10.399999618530273,21.799999237060547,TempC,TOWF
2018,010m,15.399999618530273,14.591727261664705,9.711383033650636,33145,-16.200000762939453,32.79999923706055,TempC,TOWF
2019,010m,17.200000762939453,15.692347993678363,9.175888176031446,34932,-11.300000190734863,34.5,TempC,TOWF
2020,010m,15.899999618530273,15.30347629162299,8.439830908483483,34836,-9.899999618530273,34.400001525878906,TempC,TOWF
2021,010m,16.399999618530273,15.112580016686973,8.539468440438824,34992,-8.399999618530273,32.099998474121094,TempC,TOWF
2022,010m,17.299999237060547,15.298669539995725,9.640582522518626,31568,-16.399999618530273,34.79999923706055,TempC,TOWF
2017,025m,17.261110305786133,15.887486918376881,8.580109806888403,35030,-11.822221755981445,32.99444580078125,TempC,TOWS
2018,025m,16.84444522857666,15.277329253766323,9.874181399134248,35016,-15.26111125946045,32.57221984863281,TempC,TOWS
2019,025m,17.450000762939453,15.975324279968024,9.228036957036988,34966,-11.13888931274414,33.17778015136719,TempC,TOWS
2020,025m,15.94444465637207,15.419616860649484,8.501433129490174,35073,-9.788888931274414,33.46666717529297,TempC,TOWS
2021,025m,16.294445037841797,15.24387264506949,8.622305234321493,34968,-8.40000057220459,31.96666717529297,TempC,TOWS
2022,025m,16.274999618530273,15.082916484270589,9.384230644128241,34918,-17.53333282470703,33.488887786865234,TempC,TOWS
2017,015m,17.27777671813965,16.15640023138275,8.610068438801413,35017,-12.05555534362793,34.44444274902344,TempC,TOWY
2017,033m,17.0,15.778380489451019,8.43083622046793,35027,-11.833333015441895,32.77777862548828,TempC,TOWY
2018,015m,17.05555534362793,15.677483103836071,9.85613934593198,35029,-14.38888931274414,34.5,TempC,TOWY
2018,033m,16.77777862548828,15.254920142568588,9.680659673641843,35026,-14.611111640930176,33.44444274902344,TempC,TOWY
2019,015m,17.55555534362793,16.355616465676537,9.310470894113651,35019,-9.722222328186035,35.55555725097656,TempC,TOWY
2019,033m,17.27777671813965,15.931688731957182,9.119588107738448,35017,-10.277777671813965,34.333335876464844,TempC,TOWY
2020,015m,16.22222328186035,15.845198888358908,8.666418446775769,35125,-9.05555534362793,35.4444465637207,TempC,TOWY
2020,033m,15.94444465637207,15.469376030899134,8.448177913892259,35125,-9.05555534362793,34.44444274902344,TempC,TOWY
2021,015m,16.72222137451172,15.72862552168284,8.776907464005445,34982,-6.777778148651123,34.0,TempC,TOWY
2021,033m,16.38888931274414,15.34456639005494,8.566410545335387,34986,-7.333333969116211,32.9444465637207,TempC,TOWY
2022,015m,16.55555534362793,15.599959393704525,9.57665103039665,35022,-15.88888931274414,36.27777862548828,TempC,TOWY
2022,033m,16.33333396911621,15.232920867976743,9.362847157382255,35020,-16.61111068725586,34.77777862548828,TempC,TOWY
2017,015m,77.19999694824219,73.9506225285112,22.13290756112867,34777,14.399999618530273,100.0,RelHum,TOWA
2018,015m,83.9000015258789,77.73478311904599,21.599368625571493,34649,16.0,100.0,RelHum,TOWA
2019,015m,83.5999984741211,77.86538530621296,22.378310162021823,34598,17.299999237060547,100.0,RelHum,TOWA
2020,015m,80.9000015258789,75.31249860555815,23.544103899843908,17794,15.399999618530273,100.0,RelHum,TOWA
2021,015m,81.19999694824219,75.6938040575925,21.17752592626394,34103,12.5,100.0,RelHum,TOWA
2022,015m,77.0999984741211,73.64652243002473,20.666577077680277,34248,16.0,100.0,RelHum,TOWA
2017,015m,79.9000015258789,75.34018981695017,23.1004514245396,28669,13.800000190734863,100.0,RelHum,TOWB
2018,015m,77.4000015258789,74.96387197693214,21.07721275185106,24045,16.5,100.0,RelHum,TOWB
2019,015m,72.5999984741211,71.05402270975873,22.429982649276145,27283,13.5,100.0,RelHum,TOWB
2020,015m,73.19999694824219,71.19916036709577,22.025792190643273,23699,15.100000381469727,100.0,RelHum,TOWB
2021,015m,72.5,70.55812145842542,22.697590480241733,23124,12.100000381469727,100.0,RelHum,TOWB
2022,015m,69.0999984741211,67.88253484053975,21.864163547962377,16301,19.299999237060547,100.0,RelHum,TOWB
2017,002m,80.9000015258789,75.32644524234941,21.423316679434453,34891,14.300000190734863,100.0,RelHum,TOWD
2017,015m,75.4000015258789,72.7656551988692,23.053076069720934,34998,12.100000381469727,100.0,RelHum,TOWD
2018,002m,83.80000305175781,77.38254716179587,19.944993072826886,34980,17.700000762939453,100.0,RelHum,TOWD
2018,015m,81.80000305175781,75.66153516474037,21.419416861509195,34967,12.600000381469727,100.0,RelHum,TOWD
2019,002m,80.5999984741211,74.31813628308976,21.93595311297351,34941,13.899999618530273,100.0,RelHum,TOWD
2019,015m,77.0999984741211,72.87418072948152,21.053515180077117,34939,12.399999618530273,99.9000015258789,RelHum,TOWD
2020,002m,84.4000015258789,77.38980001814032,21.266895428253047,35049,17.200000762939453,100.0,RelHum,TOWD
2020,015m,80.0999984741211,75.39054131294137,20.321060671228107,35026,14.399999618530273,100.0,RelHum,TOWD
2021,002m,84.5,77.2275370430506,22.29937964324831,34982,12.899999618530273,100.0,RelHum,TOWD
2021,015m,79.19999694824219,74.65233213286785,21.170720659662905,34925,11.399999618530273,100.0,RelHum,TOWD
2022,002m,79.5999984741211,75.32691339086865,21.102121272040584,28131,19.899999618530273,100.0,RelHum,TOWD
2022,015m,78.4000015258789,75.32385790271417,20.420835982461924,29244,18.399999618530273,100.0,RelHum,TOWD
2017,010m,73.30000305175781,71.23264294575029,19.465434704690434,5842,14.899999618530273,100.0,RelHum,TOWF
2018,010m,73.0999984741211,70.44023286716484,19.64826422217983,32896,14.800000190734863,100.0,RelHum,TOWF
2019,010m,69.5999984741211,67.97432306836579,18.699052875073136,34938,16.899999618530273,100.0,RelHum,TOWF
2020,010m,74.0999984741211,71.84566690354745,17.079181866665266,34848,23.5,100.0,RelHum,TOWF
2021,010m,71.0999984741211,69.89094156013725,17.60240853454021,34995,23.899999618530273,100.0,RelHum,TOWF
2022,010m,70.80000305175781,70.12062290068303,18.665623505683214,34452,23.100000381469727,100.0,RelHum,TOWF
2017,015m,70.0999984741211,68.27659904104398,20.739327562729052,34990,12.0,100.0,RelHum,TOWY
2018,015m,70.9000015258789,68.88946305632697,19.95090826209373,34659,14.100000381469727,100.0,RelHum,TOWY
2019,015m,67.0,65.82590262538737,20.90764153950776,34039,11.100000381469727,100.0,RelHum,TOWY
2020,015m,70.5999984741211,68.45593388764506,20.284644521656812,33275,11.600000381469727,100.0,RelHum,TOWY
2021,015m,69.0,67.31944273979752,21.039392678519995,32768,11.399999618530273,100.0,RelHum,TOWY
2022,015m,65.4000015258789,64.35858726478355,20.608423277545466,33014,13.699999809265137,100.0,RelHum,TOWY
2017,015m,10.399999618530273,10.385192625319696,5.039096081949266,34861,1.2000000476837158,22.0,AbsHum,TOWA
2018,015m,10.600000381469727,11.006133341432955,5.7971934474654505,34663,1.0,24.0,AbsHum,TOWA
2019,015m,10.800000190734863,11.019414756917769,5.500466986115128,34618,0.8999999761581421,24.299999237060547,AbsHum,TOWA
2020,015m,9.699999809265137,10.018553829280538,4.6770765013606255,34090,1.5,25.600000381469727,AbsHum,TOWA
2021,015m,10.199999809265137,10.5679351827695,5.36639932187756,34187,1.600000023841858,21.5,AbsHum,TOWA
2022,015m,9.600000381469727,10.235128869832888,5.636195047723117,34066,0.800000011920929,24.299999237060547,AbsHum,TOWA
2017,002m,10.399999618530273,10.333544071777075,4.950518020521041,34957,1.2999999523162842,21.399999618530273,AbsHum,TOWD
2017,015m,10.399999618530273,10.361586377105548,5.219323822212175,34998,1.100000023841858,24.100000381469727,AbsHum,TOWD
2018,002m,10.399999618530273,10.69023411692147,5.474728138161047,34897,1.100000023841858,23.200000762939453,AbsHum,TOWD
2018,015m,10.600000381469727,10.735047362170135,5.658521113197659,34733,0.8999999761581421,23.5,AbsHum,TOWD
2019,002m,9.899999618530273,10.194381058477534,4.981834319234146,34882,0.800000011920929,22.899999618530273,AbsHum,TOWD
2019,015m,10.0,10.436155080262004,5.300661601495841,34872,0.800000011920929,22.899999618530273,AbsHum,TOWD
2020,002m,9.899999618530273,10.308115597209556,4.926564420889578,35019,1.7000000476837158,24.799999237060547,AbsHum,TOWD
2020,015m,10.0,10.479143929109542,5.192043190728306,34997,1.7000000476837158,22.200000762939453,AbsHum,TOWD
2021,002m,9.800000190734863,10.210544211165324,5.109410571541481,35005,1.7999999523162842,23.5,AbsHum,TOWD
2021,015m,9.800000190734863,10.321291121700392,5.307317316878783,34869,1.600000023841858,21.799999237060547,AbsHum,TOWD
2022,002m,10.699999809265137,10.712185661851251,5.452043844007213,29387,0.800000011920929,23.700000762939453,AbsHum,TOWD
2022,015m,11.399999618530273,11.364695351905544,5.775364937110183,29050,0.800000011920929,24.899999618530273,AbsHum,TOWD
2017,010m,4.5,5.309710700807616,2.3602553276906098,4459,1.5,12.899999618530273,AbsHum,TOWF
2018,010m,9.199999809265137,9.445748890765245,4.537874190106461,32862,0.5,18.100000381469727,AbsHum,TOWF
2019,010m,9.399999618530273,9.679056107240742,4.482247333337575,34559,1.2000000476837158,19.5,AbsHum,TOWF
2020,010m,9.399999618530273,9.876143055911317,4.28473462456951,34644,2.0,19.5,AbsHum,TOWF
2021,010m,9.300000190734863,9.451477488784066,4.047600442382985,34755,2.4000000953674316,18.299999237060547,AbsHum,TOWF
2022,010m,9.699999809265137,9.849351521838422,4.745389027253503,31381,1.2999999523162842,20.200000762939453,AbsHum,TOWF
2017,015m,2.700000047683716,3.2366377701499247,2.2781581685016095,34953,0.0,18.700000762939453,WSpdMph,TOWA
2017,030m,3.9000000953674316,4.435574309256537,2.873963705817076,34955,0.0,23.299999237060547,WSpdMph,TOWA
2018,015m,2.700000047683716,3.1557808093860804,2.135668492563617,34874,0.0,29.200000762939453,WSpdMph,TOWA
2018,030m,3.799999952316284,4.314393394814511,2.733100668257438,34891,0.0,36.5,WSpdMph,TOWA
2019,015m,2.5999999046325684,3.0773743970629854,2.1689475241815614,34872,0.0,20.0,WSpdMph,TOWA
2019,030m,3.700000047683716,4.203521652119932,2.8110326378685238,34870,0.0,26.0,WSpdMph,TOWA
2020,015m,2.700000047683716,3.1582204404155987,2.154108947474826,34694,0.0,37.79999923706055,WSpdMph,TOWA
2020,030m,3.9000000953674316,4.343263965165979,2.752852588471046,34694,0.0,22.5,WSpdMph,TOWA
2021,015m,2.4000000953674316,2.9583355005469354,2.098771241888942,34605,0.0,16.600000381469727,WSpdMph,TOWA
2021,030m,4.0,4.541523969349489,2.5720427017783822,1168,0.20000000298023224,13.199999809265137,WSpdMph,TOWA
2022,015m,2.700000047683716,3.1970437871344415,2.298778858578146,34233,0.0,46.29999923706055,WSpdMph,TOWA
2022,030m,4.0,4.504647625889258,2.9102621142494316,32877,0.0,49.70000076293945,WSpdMph,TOWA
2017,015m,2.0999999046325684,2.693606801472553,2.391216550434109,31643,0.0,22.5,WSpdMph,TOWB
2017,030m,2.9000000953674316,3.515710835310982,3.0881877184970685,31456,0.0,22.100000381469727,WSpdMph,TOWB
2018,015m,2.0999999046325684,2.744535519166642,2.2990512000310925,30378,0.10000000149011612,48.29999923706055,WSpdMph,TOWB
2018,030m,2.5999999046325684,3.256535904983069,2.7708949898645847,30386,0.10000000149011612,39.20000076293945,WSpdMph,TOWB
2019,015m,2.0999999046325684,2.8767519215700164,2.4182487260783065,34876,0.10000000149011612,18.600000381469727,WSpdMph,TOWB
2019,030m,2.5999999046325684,3.418140055900039,2.937541112877315,34829,0.10000000149011612,22.200000762939453,WSpdMph,TOWB
2020,015m,2.299999952316284,2.935341215840836,2.3802155304587114,31974,0.10000000149011612,17.0,WSpdMph,TOWB
2020,030m,2.9000000953674316,3.633026835114666,2.917307901719665,31974,0.10000000149011612,22.399999618530273,WSpdMph,TOWB
2021,015m,2.0999999046325684,2.786280797952954,2.4650186468110595,31496,0.10000000149011612,50.0,WSpdMph,TOWB
2021,030m,2.5999999046325684,3.2981299211765274,2.748262507649139,31496,0.10000000149011612,28.299999237060547,WSpdMph,TOWB
2022,015m,2.4000000953674316,3.1166631202836594,2.543254668420828,28188,0.0,21.299999237060547,WSpdMph,TOWB
2022,030m,3.0,3.762368263924688,3.074488896410497,28181,0.0,26.299999237060547,WSpdMph,TOWB
2017,015m,2.4000000953674316,2.9356530670290737,2.284460478916267,35004,0.0,16.799999237060547,WSpdMph,TOWD
2017,035m,3.4000000953674316,4.044045135933933,3.0070837377394395,35005,0.0,24.5,WSpdMph,TOWD
2017,060m,4.400000095367432,5.1691329823785335,3.589803385483969,35005,0.0,30.399999618530273,WSpdMph,TOWD
2018,015m,2.9000000953674316,3.502077691515961,2.562928623536472,18097,0.0,47.20000076293945,WSpdMph,TOWD
2018,035m,3.5,3.971500843868763,2.8300735209920664,34987,0.0,19.100000381469727,WSpdMph,TOWD
2018,060m,4.400000095367432,5.037596821544123,3.3911092169312735,34987,0.0,22.399999618530273,WSpdMph,TOWD
2019,015m,2.5,3.086338876269399,2.303186771671885,34880,0.0,18.100000381469727,WSpdMph,TOWD
2019,035m,3.299999952316284,3.8921326465342405,2.937707988233733,34980,0.0,23.700000762939453,WSpdMph,TOWD
2019,060m,4.199999809265137,4.958355726888141,3.502633678163839,34982,0.0,30.200000762939453,WSpdMph,TOWD
2020,015m,2.5999999046325684,3.131303720227796,2.2292612199907507,34670,0.0,15.399999618530273,WSpdMph,TOWD
2020,035m,3.5,4.006146701814574,2.860818272437613,34669,0.0,21.399999618530273,WSpdMph,TOWD
2020,060m,4.400000095367432,5.088215441157804,3.4258694213261576,34664,0.0,24.899999618530273,WSpdMph,TOWD
2021,015m,2.4000000953674316,2.953020382975117,2.1892582648877372,34979,0.0,37.0,WSpdMph,TOWD
2021,035m,3.200000047683716,3.750889618542643,2.7903855474514403,35015,0.0,20.100000381469727,WSpdMph,TOWD
2021,060m,4.099999904632568,4.770901921039782,3.361017281502664,34992,0.0,24.200000762939453,WSpdMph,TOWD
2022,015m,2.5,3.074239488194614,2.2182279474059605,29421,0.0,17.600000381469727,WSpdMph,TOWD
2022,035m,3.5999999046325684,4.192881849097458,3.0648124498356752,30935,0.0,24.0,WSpdMph,TOWD
2022,060m,5.0,5.630715869326078,3.6597887175945716,34308,0.0,30.600000381469727,WSpdMph,TOWD
2017,010m,3.5,4.038822446177248,2.418880847260698,6522,0.30000001192092896,19.0,WSpdMph,TOWF
2018,010m,3.700000047683716,4.20779009553864,2.444934243262011,33196,0.20000000298023224,20.0,WSpdMph,TOWF
2019,010m,4.099999904632568,4.636266637128701,2.741727107400293,34864,0.10000000149011612,26.299999237060547,WSpdMph,TOWF
2020,010m,4.199999809265137,4.545151897026327,2.7207703906924317,25412,0.10000000149011612,24.600000381469727,WSpdMph,TOWF
2021,010m,3.9000000953674316,4.306564252532015,2.3653404954482458,21937,0.10000000149011612,19.600000381469727,WSpdMph,TOWF
2022,010m,3.5999999046325684,4.0762428875684895,2.4342295616605067,21442,0.0,21.399999618530273,WSpdMph,TOWF
2017,025m,6.0,6.613473619295471,3.809360853761415,35024,0.0,31.799999237060547,WSpdMph,TOWS
2018,025m,5.800000190734863,6.426662098789136,3.6385571810234034,35016,0.0,33.400001525878906,WSpdMph,TOWS
2019,025m,5.800000190734863,6.441940742488523,3.7961062356514774,34966,0.0,30.700000762939453,WSpdMph,TOWS
2020,025m,5.900000095367432,6.530883738371059,3.677252579558984,35067,0.0,30.899999618530273,WSpdMph,TOWS
2021,025m,5.699999809265137,6.183955384946451,3.5025037195567963,34965,0.0,26.299999237060547,WSpdMph,TOWS
2022,025m,6.199999809265137,6.752226712016742,3.7784652632477047,34917,0.0,41.20000076293945,WSpdMph,TOWS
2017,015m,3.700000047683716,4.314952177174554,3.017129130024691,35025,0.0,21.200000762939453,WSpdMph,TOWY
2017,033m,4.300000190734863,4.928852851824915,3.4823519641489424,35026,0.0,24.5,WSpdMph,TOWY
2018,015m,3.700000047683716,4.2400707995090015,2.8626441284219846,35028,0.0,20.5,WSpdMph,TOWY
2018,033m,4.199999809265137,4.825241971980836,3.293269323974457,35025,0.0,22.5,WSpdMph,TOWY
2019,015m,3.5,4.219988560059049,3.0187158842696333,34965,0.0,22.700000762939453,WSpdMph,TOWY
2019,033m,4.099999904632568,4.788384864317796,3.459487161736949,34963,0.0,25.399999618530273,WSpdMph,TOWY
2020,015m,3.700000047683716,4.2864487838842775,2.9344823432965974,35126,0.0,23.299999237060547,WSpdMph,TOWY
2020,033m,4.300000190734863,4.897189794959885,3.4058237382911662,35122,0.0,27.5,WSpdMph,TOWY
2021,015m,3.5,4.030580804527542,2.772211338170101,34986,0.0,20.299999237060547,WSpdMph,TOWY
2021,033m,4.0,4.603575921324613,3.2392595309675523,34984,0.0,24.0,WSpdMph,TOWY
2022,015m,3.799999952316284,4.371957338858091,3.1010901605022516,34879,0.0,28.799999237060547,WSpdMph,TOWY
2022,033m,4.400000095367432,5.051318232838906,3.57684669893782,35009,0.0,31.899999618530273,WSpdMph,TOWY
2017,015m,6.0,7.512828656770237,5.61064635097235,34953,0.0,51.0,PkWSpdMph,TOWA
2017,030m,7.199999809265137,8.763640269272125,6.186767220072409,34948,0.0,55.20000076293945,PkWSpdMph,TOWA
2018,015m,5.900000095367432,7.412604610828458,5.855872613639971,34892,0.0,111.80000305175781,PkWSpdMph,TOWA
2018,030m,7.199999809265137,8.546624394223205,5.817375770678299,34853,0.0,73.5,PkWSpdMph,TOWA
2019,015m,5.699999809265137,7.200677072828123,5.4672386737297956,34856,0.0,45.70000076293945,PkWSpdMph,TOWA
2019,030m,6.800000190734863,8.386959392558486,6.091471306089681,34845,0.0,53.29999923706055,PkWSpdMph,TOWA
2020,015m,5.900000095367432,7.394704832090757,5.383955886620647,34692,0.0,46.599998474121094,PkWSpdMph,TOWA
2020,030m,7.199999809265137,8.642178577145485,5.987043382081127,34674,0.0,69.0,PkWSpdMph,TOWA
2021,015m,5.5,6.923424833953615,5.150185406102445,34536,0.0,42.900001525878906,PkWSpdMph,TOWA
2021,030m,6.699999809265137,8.079651214200261,5.640778098069216,34577,0.0,46.099998474121094,PkWSpdMph,TOWA
2022,015m,6.199999809265137,7.571762823915252,5.6419973275,31200,0.0,62.20000076293945,PkWSpdMph,TOWA
2022,030m,7.599999904632568,9.07145730937781,6.3156214456392705,30323,0.0,75.0,PkWSpdMph,TOWA
2017,015m,5.0,6.495622916739913,5.417333789632735,28832,0.0,42.0,PkWSpdMph,TOWB
2017,030m,6.0,7.503562516273349,6.125725821203914,28856,0.0,97.0999984741211,PkWSpdMph,TOWB
2018,015m,4.800000190734863,6.236401331130652,5.553141780074143,30389,0.0,111.80000305175781,PkWSpdMph,TOWB
2018,030m,5.400000095367432,6.83542153720201,5.878612714167274,30377,0.0,111.5,PkWSpdMph,TOWB
2019,015m,4.699999809265137,6.3881495457693,5.407040890966457,33408,0.20000000298023224,90.80000305175781,PkWSpdMph,TOWB
2019,030m,5.300000190734863,7.003892215434797,5.807579710695103,33400,0.0,54.5,PkWSpdMph,TOWB
2020,015m,4.900000095367432,6.44787405350503,5.2082376655229385,29187,0.20000000298023224,42.0,PkWSpdMph,TOWB
2020,030m,5.699999809265137,7.211344482504684,5.730874262760013,29186,0.10000000149011612,79.5,PkWSpdMph,TOWB
2021,015m,4.300000190734863,6.057730015115899,5.474730435681227,26009,0.20000000298023224,88.9000015258789,PkWSpdMph,TOWB
2021,030m,5.0,6.682536142531889,5.73411755723793,26008,0.10000000149011612,89.9000015258789,PkWSpdMph,TOWB
2022,015m,5.199999809265137,6.856755740491909,5.7448849015539585,26570,0.0,84.19999694824219,PkWSpdMph,TOWB
2022,030m,6.0,7.641901462225344,6.194842086125332,26548,0.0,81.69999694824219,PkWSpdMph,TOWB
2017,015m,5.300000190734863,6.827533370837767,5.438671693844854,34983,0.0,44.0,PkWSpdMph,TOWD
2017,035m,6.599999904632568,8.180511162632847,6.237854397291161,34979,0.0,58.900001525878906,PkWSpdMph,TOWD
2017,060m,8.0,9.50896823658456,6.867413454333779,34979,0.0,106.69999694824219,PkWSpdMph,TOWD
2018,015m,6.5,7.968032924989202,6.243016430821181,18103,0.5,96.0999984741211,PkWSpdMph,TOWD
2018,035m,6.599999904632568,8.059985113863299,6.017777965089927,34932,0.0,91.5999984741211,PkWSpdMph,TOWD
2018,060m,7.800000190734863,9.307475160636406,6.5681024756433635,34929,0.0,115.0,PkWSpdMph,TOWD
2019,015m,5.400000095367432,6.961751720688622,5.5145542796888485,34880,0.0,91.5,PkWSpdMph,TOWD
2019,035m,6.400000095367432,7.9264144465062465,6.083329121299381,34890,0.0,71.69999694824219,PkWSpdMph,TOWD
2019,060m,7.599999904632568,9.193450094993707,6.664357185222182,34886,0.0,95.9000015258789,PkWSpdMph,TOWD
2020,015m,5.599999904632568,7.031213573334544,5.298894288275631,34658,0.0,42.900001525878906,PkWSpdMph,TOWD
2020,035m,6.900000095367432,8.118198352351717,5.933702259899795,34635,0.0,68.0,PkWSpdMph,TOWD
2020,060m,8.0,9.392468243089287,6.56279332156724,34640,0.0,101.4000015258789,PkWSpdMph,TOWD
2021,015m,5.099999904632568,6.694206045607922,5.824243733015349,35002,0.0,111.9000015258789,PkWSpdMph,TOWD
2021,035m,6.199999809265137,7.604705983592879,5.7501026723986355,34998,0.0,115.0,PkWSpdMph,TOWD
2021,060m,7.300000190734863,8.80839814613628,6.240364972354863,34972,0.0,57.900001525878906,PkWSpdMph,TOWD
2022,015m,5.099999904632568,6.5738679972436165,4.967764510494662,29439,0.10000000149011612,43.29999923706055,PkWSpdMph,TOWD
2022,035m,6.900000095367432,8.133209389009533,6.081615290735985,30928,0.0,66.19999694824219,PkWSpdMph,TOWD
2022,060m,8.300000190734863,9.849285445560255,7.087302206115265,34357,0.0,88.19999694824219,PkWSpdMph,TOWD
2017,010m,6.599999904632568,7.644226922208987,4.684319864871104,6487,0.8999999761581421,37.0,PkWSpdMph,TOWF
2018,010m,7.099999904632568,8.072195518008892,4.676540927343919,33286,0.0,50.5,PkWSpdMph,TOWF
2019,010m,7.800000190734863,8.953001580697537,5.351646970068992,34865,0.699999988079071,53.0,PkWSpdMph,TOWF
2020,010m,6.599999904632568,7.673649106119156,4.823197803274784,31183,0.0,46.5,PkWSpdMph,TOWF
2021,010m,6.800000190734863,7.811555507915528,3.8225783955368233,34979,0.699999988079071,41.900001525878906,PkWSpdMph,TOWF
2022,010m,6.599999904632568,7.462164207365561,3.9026018414696795,34433,0.0,41.400001525878906,PkWSpdMph,TOWF
2017,025m,10.0,11.186454469302433,6.53098991282463,35030,0.30000001192092896,61.0,PkWSpdMph,TOWS
2018,025m,9.600000381469727,10.835011710142187,6.106513955235425,35014,0.5,56.0,PkWSpdMph,TOWS
2019,025m,9.600000381469727,10.857799454488712,6.401817251285303,34964,0.4000000059604645,60.29999923706055,PkWSpdMph,TOWS
2020,025m,9.699999809265137,11.030666136660138,6.228736015514821,35068,0.20000000298023224,60.599998474121094,PkWSpdMph,TOWS
2021,025m,9.5,10.485038333333408,5.952463321757887,34956,0.4000000059604645,57.099998474121094,PkWSpdMph,TOWS
2022,025m,10.199999809265137,11.386713448987553,6.514822871846139,34915,0.30000001192092896,74.19999694824219,PkWSpdMph,TOWS
2017,015m,7.099999904632568,8.264304068500579,5.563693244163592,35018,0.0,47.900001525878906,PkWSpdMph,TOWY
2017,033m,7.800000190734863,8.906676181381103,5.970560236536161,35020,0.0,49.70000076293945,PkWSpdMph,TOWY
2018,015m,7.099999904632568,8.122669520652098,5.194989259564202,35025,0.0,45.29999923706055,PkWSpdMph,TOWY
2018,033m,7.800000190734863,8.73145451306587,5.573658021585984,35022,0.0,50.79999923706055,PkWSpdMph,TOWY
2019,015m,6.900000095367432,8.096413044004917,5.517650516590578,34960,0.0,44.400001525878906,PkWSpdMph,TOWY
2019,033m,7.599999904632568,8.696570069318618,5.914574141708773,34957,0.0,48.5,PkWSpdMph,TOWY
2020,015m,7.099999904632568,8.166757773438272,5.325692435732131,35124,0.0,50.79999923706055,PkWSpdMph,TOWY
2020,033m,7.800000190734863,8.83646613215289,5.7685940845928805,35123,0.0,62.5,PkWSpdMph,TOWY
2021,015m,6.900000095367432,7.731667903741233,5.066025110003996,34966,0.0,42.599998474121094,PkWSpdMph,TOWY
2021,033m,7.599999904632568,8.366435003304506,5.505627712359513,34965,0.0,45.099998474121094,PkWSpdMph,TOWY
2022,015m,7.300000190734863,8.349493964475661,5.697651400137097,34879,0.0,52.900001525878906,PkWSpdMph,TOWY
2022,033m,8.0,9.091607871337189,6.117525320374133,35009,0.0,53.400001525878906,PkWSpdMph,TOWY
2017,015m,-0.07000000029802322,-0.07779878935330038,0.23194047018754368,34899,-1.4600000381469727,1.399999976158142,VSSpdMph,TOWA
2017,030m,0.0,0.0013139740143035073,0.2885532814658064,34955,-1.7200000286102295,2.4000000953674316,VSSpdMph,TOWA
2018,015m,-0.05999999865889549,-0.06779086791981205,0.2251063096218628,34869,-1.350000023841858,1.4299999475479126,VSSpdMph,TOWA
2018,030m,0.009999999776482582,0.0032854452389301644,0.28560846807054446,34872,-1.5800000429153442,2.509999990463257,VSSpdMph,TOWA
2019,015m,-0.05000000074505806,-0.06227217949004402,0.2252312589938054,34852,-1.5800000429153442,1.3799999952316284,VSSpdMph,TOWA
2019,030m,0.019999999552965164,0.015349317425431391,0.2916885804538942,34868,-1.9600000381469727,1.9600000381469727,VSSpdMph,TOWA
2020,015m,-0.05999999865889549,-0.06777310190003896,0.22841771026276306,34694,-1.6200000047683716,1.4800000190734863,VSSpdMph,TOWA
2020,030m,0.019999999552965164,0.009092376377508163,0.289412734942206,34695,-2.4800000190734863,2.880000114440918,VSSpdMph,TOWA
2021,015m,-0.03999999910593033,-0.060622652443984244,0.22389250418808868,34610,-1.5099999904632568,2.180000066757202,VSSpdMph,TOWA
2021,030m,0.019999999552965164,0.018325051918949977,0.278337394650622,34616,-2.1500000953674316,2.5,VSSpdMph,TOWA
2022,015m,-0.029999999329447746,-0.06520993317524999,0.23982008109647437,33344,-3.0,1.899999976158142,VSSpdMph,TOWA
2022,030m,0.019999999552965164,0.016694750754142118,0.3186210769386878,29910,-2.5999999046325684,2.9700000286102295,VSSpdMph,TOWA
2017,015m,0.009999999776482582,-0.01758440405144608,0.16820752184131157,14721,-1.100000023841858,1.25,VSSpdMph,TOWB
2017,030m,-0.05999999865889549,-0.14219761947760662,0.23046374016725318,9888,-1.6399999856948853,1.2200000286102295,VSSpdMph,TOWB
2018,015m,0.009999999776482582,-0.0057907754120628185,0.17375848591478732,30331,-2.1500000953674316,1.690000057220459,VSSpdMph,TOWB
2018,030m,-0.07999999821186066,-0.15705086729931403,0.2641922535532131,28422,-2.4700000286102295,1.600000023841858,VSSpdMph,TOWB
2019,015m,0.009999999776482582,-0.003395311508590356,0.17643006425478008,34851,-1.2799999713897705,2.9700000286102295,VSSpdMph,TOWB
2019,030m,-0.05999999865889549,-0.1464568375063731,0.2511536941123719,34822,-2.569999933242798,1.2999999523162842,VSSpdMph,TOWB
2020,015m,0.009999999776482582,-0.014755739089722084,0.17730015117571438,31974,-1.309999942779541,1.0700000524520874,VSSpdMph,TOWB
2020,030m,-0.07000000029802322,-0.15630387168200777,0.2658636656303197,31974,-1.8700000047683716,1.0399999618530273,VSSpdMph,TOWB
2021,015m,0.019999999552965164,0.01713722991754728,0.1803810330352958,31480,-1.3300000429153442,2.7799999713897705,VSSpdMph,TOWB
2021,030m,-0.03999999910593033,-0.12976969495863006,0.2565901577859652,31480,-1.909999966621399,1.2799999713897705,VSSpdMph,TOWB
2022,015m,0.019999999552965164,0.0025352420095870387,0.19854964833178498,22984,-1.8700000047683716,2.2100000381469727,VSSpdMph,TOWB
2022,030m,-0.05999999865889549,-0.14063038375328477,0.2736696350142414,22986,-1.8799999952316284,1.309999942779541,VSSpdMph,TOWB
2017,015m,-0.022369999438524246,-0.06787629745912321,0.2182940588978938,35004,-2.304110050201416,1.2303500175476074,VSSpdMph,TOWD
2017,060m,-0.022369999438524246,-0.08356568690505957,0.37093195163548826,34994,-2.9304699897766113,2.997580051422119,VSSpdMph,TOWD
2018,015m,-0.022369999438524246,-0.07820833743974981,0.2144244708256792,34981,-1.7448599338531494,1.3198299407958984,VSSpdMph,TOWD
2018,060m,-0.022369999438524246,-0.06973231250316096,0.34881177178619777,35001,-2.908099889755249,2.4159600734710693,VSSpdMph,TOWD
2019,015m,-0.022369999438524246,-0.06984139642679296,0.21793815254967044,34881,-2.6172900199890137,1.275089979171753,VSSpdMph,TOWD
2019,060m,-0.022369999438524246,-0.06694214656651593,0.3698025473252962,34917,-2.975210189819336,2.483070135116577,VSSpdMph,TOWD
2020,015m,0.0,-0.07593904104531121,0.20868021364785785,34676,-1.83433997631073,1.1632399559020996,VSSpdMph,TOWD
2020,060m,0.0,-0.05404818349972289,0.359951427933572,34631,-2.8633599281311035,2.908099889755249,VSSpdMph,TOWD
2021,015m,0.0,-0.06548837360196282,0.20625145882900614,34956,-2.125149965286255,2.058040142059326,VSSpdMph,TOWD
2021,060m,0.0,-0.061267604585449706,0.3703063442826603,34039,-2.908099889755249,2.9528400897979736,VSSpdMph,TOWD
2022,015m,-0.022369999438524246,-0.07702602645508155,0.20117700102976993,3226,-1.0513900518417358,1.0066499710083008,VSSpdMph,TOWD
2022,060m,0.0,-0.0663422640361436,0.3426198892044253,3176,-2.550179958343506,1.968559980392456,VSSpdMph,TOWD
2018,010m,-0.10000000149011612,-0.06842716383622575,0.3952916483459035,5684,-1.75,2.7100000381469727,VSSpdMph,TOWF
2019,010m,-0.05000000074505806,0.04086742014694972,0.47663032360577534,34862,-1.9800000190734863,2.869999885559082,VSSpdMph,TOWF
2020,010m,-0.029999999329447746,0.03961217271539312,0.44680567094901824,33649,-1.899999976158142,3.0,VSSpdMph,TOWF
2021,010m,-0.009999999776482582,0.06435845317134845,0.5112746475122124,34939,-2.4200000762939453,2.990000009536743,VSSpdMph,TOWF
2022,010m,0.1599999964237213,0.19395553785577196,0.6416052145360875,15429,-2.990000009536743,3.0,VSSpdMph,TOWF
2017,025m,0.014999999664723873,0.062271571826262216,0.4134227101288196,35011,-2.313999891281128,2.3580000400543213,VSSpdMph,TOWS
2018,025m,0.013000000268220901,0.06484048913159515,0.42581726725344143,35007,-1.9700000286102295,2.884999990463257,VSSpdMph,TOWS
2019,025m,0.007000000216066837,0.07222259722083825,0.4400282050555065,34960,-2.0339999198913574,2.752000093460083,VSSpdMph,TOWS
2020,025m,0.007000000216066837,0.0655349341333977,0.4333324908528831,35066,-1.4129999876022339,2.740999937057495,VSSpdMph,TOWS
2021,025m,0.00800000037997961,0.05122714779254387,0.40603192027718404,34964,-1.6970000267028809,2.890000104904175,VSSpdMph,TOWS
2022,025m,0.006000000052154064,0.052722936741071286,0.41658004646587654,34909,-2.059999942779541,2.6389999389648438,VSSpdMph,TOWS
2017,015m,-0.05000000074505806,-0.09317225619264832,0.2341579815961909,35035,-1.25,0.7699999809265137,VSSpdMph,TOWY
2017,033m,-0.007000000216066837,-0.03952594009069883,0.2964731087937215,35023,-2.114000082015991,2.196000099182129,VSSpdMph,TOWY
2018,015m,-0.05999999865889549,-0.10696896952605942,0.23029456728719003,34998,-1.590000033378601,0.800000011920929,VSSpdMph,TOWY
2018,033m,-0.00800000037997961,-0.03990203082147291,0.295958141190363,35011,-2.1610000133514404,1.8519999980926514,VSSpdMph,TOWY
2019,015m,-0.05000000074505806,-0.09826504905592172,0.23244567449961295,34952,-1.440000057220459,1.0199999809265137,VSSpdMph,TOWY
2019,033m,-0.003000000026077032,-0.035683757195954985,0.3012920191867327,34951,-2.007999897003174,2.4769999980926514,VSSpdMph,TOWY
2020,015m,-0.05999999865889549,-0.10949943006219093,0.2355734469005869,35100,-1.6299999952316284,0.8799999952316284,VSSpdMph,TOWY
2020,033m,-0.012000000104308128,-0.04426855515219682,0.2899601677556603,35125,-2.2939999103546143,1.8309999704360962,VSSpdMph,TOWY
2021,015m,-0.07000000029802322,-0.10963921929877161,0.22815379510578776,34952,-1.6399999856948853,1.0,VSSpdMph,TOWY
2021,033m,-0.010999999940395355,-0.03620664559465315,0.2964793256749644,34910,-2.2780001163482666,1.9620000123977661,VSSpdMph,TOWY
2022,015m,-0.11999999731779099,-0.15162408372374175,0.2680693255507794,34795,-1.9199999570846558,2.7300000190734863,VSSpdMph,TOWY
2022,033m,-0.03700000047683716,-0.07927170768812285,0.3355366061206597,34861,-2.569000005722046,1.8580000400543213,VSSpdMph,TOWY
2017,015m,986.7000122070312,986.5374838399518,5.697966647206539,34799,965.2000122070312,1008.7000122070312,BarPresMb,TOWA
2018,015m,987.0999755859375,987.2448023158629,5.618930654791543,33313,965.2000122070312,1005.4000244140625,BarPresMb,TOWA
2019,015m,986.4000244140625,986.623835758497,5.342906917344902,34591,965.2000122070312,1007.7999877929688,BarPresMb,TOWA
2020,015m,986.7000122070312,987.0207345286867,5.536858055643766,34440,965.2000122070312,1005.5,BarPresMb,TOWA
2021,015m,987.0999755859375,987.0677019599073,5.089475369667569,34485,966.0,1003.2000122070312,BarPresMb,TOWA
2022,015m,987.2000122070312,987.1821788934416,5.217199196900574,34302,967.5999755859375,1002.2999877929688,BarPresMb,TOWA
2017,015m,987.0999755859375,987.0842196531682,5.778549601661776,34841,965.2999877929688,1010.0999755859375,BarPresMb,TOWB
2018,015m,987.7999877929688,988.2187900079713,5.834073811945073,34896,965.2000122070312,1006.5,BarPresMb,TOWB
2019,015m,989.0999755859375,989.4161480405207,5.491480369617299,34933,965.4000244140625,1011.2000122070312,BarPresMb,TOWB
2020,015m,989.2999877929688,989.734293567536,5.7416620923811115,34651,965.5,1008.4000244140625,BarPresMb,TOWB
2021,015m,989.7999877929688,989.8193849912034,5.2273980243246685,35012,968.7999877929688,1006.2999877929688,BarPresMb,TOWB
2022,015m,988.5999755859375,988.7980801809053,5.099838906978455,29483,969.7000122070312,1005.5,BarPresMb,TOWB
2017,002m,987.0999755859375,987.084443081178,5.778482035899668,34840,965.2999877929688,1010.0999755859375,BarPresMb,TOWD
2017,015m,987.0999755859375,987.0842196531682,5.778549601661776,34841,965.2999877929688,1010.0999755859375,BarPresMb,TOWD
2018,002m,987.5,987.74618976934,5.70185742946637,34893,965.2000122070312,1006.5,BarPresMb,TOWD
2018,015m,987.5,987.7469882816281,5.702790635291088,34864,965.2000122070312,1006.5,BarPresMb,TOWD
2019,002m,986.5,986.8285567459227,5.464570971509499,34927,965.2000122070312,1008.5999755859375,BarPresMb,TOWD
2019,015m,986.5,986.8297938588286,5.464637621795766,34920,965.2000122070312,1008.5999755859375,BarPresMb,TOWD
2020,002m,986.7000122070312,987.1745945699996,5.665337377782641,34587,965.2000122070312,1005.7999877929688,BarPresMb,TOWD
2020,015m,986.7000122070312,987.1742628196133,5.665377098193902,34588,965.2000122070312,1005.7999877929688,BarPresMb,TOWD
2021,002m,987.2000122070312,987.2189741058385,5.2273041635829465,35016,966.2000122070312,1003.7000122070312,BarPresMb,TOWD
2021,015m,987.2000122070312,987.2189741058385,5.2273041635829465,35016,966.2000122070312,1003.7000122070312,BarPresMb,TOWD
2022,002m,986.7000122070312,986.9082115589188,5.063480945622368,29483,967.9000244140625,1002.9000244140625,BarPresMb,TOWD
2022,015m,986.7000122070312,986.9082115589188,5.063480945622368,29483,967.9000244140625,1002.9000244140625,BarPresMb,TOWD
2017,010m,984.0999755859375,983.9313696001708,2.54891349114778,4418,973.2999877929688,990.2000122070312,BarPresMb,TOWF
2018,010m,983.2999877929688,983.3424076757047,2.8420824721800932,31663,970.2000122070312,992.2000122070312,BarPresMb,TOWF
2019,010m,983.0999755859375,983.0706087615803,2.6774749950147916,33420,971.2000122070312,993.5999755859375,BarPresMb,TOWF
2020,010m,984.5,984.3676244528809,2.968462047033205,33527,971.0999755859375,994.2999877929688,BarPresMb,TOWF
2021,010m,985.4000244140625,985.306240396716,2.533798957899653,33371,975.0,993.2999877929688,BarPresMb,TOWF
2022,010m,985.5,985.3863073746546,2.59874023702922,30370,975.7000122070312,992.9000244140625,BarPresMb,TOWF
2017,015m,983.8775024414062,983.8696464577787,5.645121944920134,34827,965.1508178710938,1006.1259765625,BarPresMb,TOWY
2018,015m,984.4192504882812,984.6049806819947,5.585402548976517,34919,965.1508178710938,1002.875,BarPresMb,TOWY
2019,015m,983.5726928710938,983.8718383712184,5.346446426561598,34932,965.2862548828125,1005.5841064453125,BarPresMb,TOWY
2020,015m,983.77587890625,984.2066573756821,5.552590739312747,35020,965.1508178710938,1002.875,BarPresMb,TOWY
2021,015m,984.012939453125,983.9975395491033,5.143522548122107,34920,965.1846923828125,1000.606201171875,BarPresMb,TOWY
2022,015m,983.8775024414062,983.9855846251544,5.225896589351119,35019,965.1508178710938,999.2515869140625,BarPresMb,TOWY
2017,015m,30.700000762939453,35.39191047745687,18.302697500654663,34897,4.0,103.69999694824219,Sigma,TOWA
2017,030m,21.100000381469727,25.797512682323816,17.15943781062386,34897,2.0,103.0,Sigma,TOWA
2018,015m,31.200000762939453,35.641529968871374,18.461243554716912,34746,4.300000190734863,103.80000305175781,Sigma,TOWA
2018,030m,21.5,26.4686635087504,17.41047822994753,34755,2.0,102.69999694824219,Sigma,TOWA
2019,015m,32.20000076293945,36.726852280863405,19.025251606932716,34552,4.099999904632568,103.5,Sigma,TOWA
2019,030m,22.200000762939453,27.184730504124154,17.86723650981901,34546,0.10000000149011612,103.5,Sigma,TOWA
2020,015m,31.399999618530273,35.99835660854123,18.568832087692655,34502,3.5999999046325684,103.4000015258789,Sigma,TOWA
2020,030m,21.399999618530273,26.304333469194518,17.33102062048353,34499,1.7999999523162842,103.69999694824219,Sigma,TOWA
2021,015m,32.099998474121094,36.517841178680136,18.825925463687486,34454,3.0999999046325684,103.69999694824219,Sigma,TOWA
2021,030m,22.100000381469727,27.00899669454207,17.772548323115057,34446,0.10000000149011612,103.4000015258789,Sigma,TOWA
2022,015m,31.700000762939453,36.3984490069548,18.94059752363619,34043,3.9000000953674316,103.5,Sigma,TOWA
2022,030m,22.200000762939453,26.919163935115268,17.588890753799383,33897,0.800000011920929,102.5999984741211,Sigma,TOWA
2017,015m,27.0,32.68817589712553,18.497820038334734,31199,0.10000000149011612,103.5,Sigma,TOWB
2017,030m,19.299999237060547,24.357040612612458,16.83346237374825,31716,0.10000000149011612,103.30000305175781,Sigma,TOWB
2018,015m,27.799999237060547,33.39947309344001,18.611607098211728,30366,0.10000000149011612,103.80000305175781,Sigma,TOWB
2018,030m,21.0,26.612371985733002,17.74771803168055,30367,0.6000000238418579,102.5999984741211,Sigma,TOWB
2019,015m,28.100000381469727,33.72877678061859,18.639107543137495,34851,0.10000000149011612,103.30000305175781,Sigma,TOWB
2019,030m,21.100000381469727,26.627550850500864,17.871064865939328,34910,0.4000000059604645,103.5,Sigma,TOWB
2020,015m,28.200000762939453,33.957072255758334,18.64835053001242,31970,4.099999904632568,103.5999984741211,Sigma,TOWB
2020,030m,21.100000381469727,26.5524007627729,17.66229948037968,31969,0.800000011920929,103.69999694824219,Sigma,TOWB
2021,015m,27.700000762939453,33.46738323198105,19.57007152922055,31493,0.10000000149011612,103.5,Sigma,TOWB
2021,030m,21.100000381469727,26.731994152740157,18.087959842907733,31487,0.4000000059604645,103.19999694824219,Sigma,TOWB
2022,015m,28.700000762939453,34.22842213813923,19.460204044683262,21244,4.800000190734863,103.30000305175781,Sigma,TOWB
2022,030m,22.100000381469727,27.32595548478338,17.941451023573972,23051,0.699999988079071,103.0999984741211,Sigma,TOWB
2017,015m,26.299999237060547,30.824175003318445,17.66700865781924,34879,0.10000000149011612,102.80000305175781,Sigma,TOWD
2017,035m,18.200000762939453,22.670555907329703,16.127075807937416,34934,0.10000000149011612,103.19999694824219,Sigma,TOWD
2017,060m,14.199999809265137,18.356400358080037,14.497199764877005,34959,0.10000000149011612,103.0999984741211,Sigma,TOWD
2018,015m,27.399999618530273,32.50078365524141,17.779161223083797,34964,2.0999999046325684,103.30000305175781,Sigma,TOWD
2018,035m,18.0,22.563538684481834,16.18619329021838,34900,0.10000000149011612,103.19999694824219,Sigma,TOWD
2018,060m,14.300000190734863,18.55500601575263,14.709138575515565,34918,0.10000000149011612,102.0,Sigma,TOWD
2019,015m,28.0,33.28724083890703,18.326934366238856,34728,2.0,103.5,Sigma,TOWD
2019,035m,18.0,22.344024566610937,16.175921937984167,34692,0.10000000149011612,103.19999694824219,Sigma,TOWD
2019,060m,14.399999618530273,18.942182075126215,15.246085300140374,34811,0.10000000149011612,103.0999984741211,Sigma,TOWD
2020,015m,27.399999618530273,32.65065426948104,18.164472921753305,34542,0.20000000298023224,103.19999694824219,Sigma,TOWD
2020,035m,18.0,22.467313443987106,16.211070051267043,34427,0.10000000149011612,103.19999694824219,Sigma,TOWD
2020,060m,14.100000381469727,18.41593813800866,14.680170681189006,34590,0.10000000149011612,102.19999694824219,Sigma,TOWD
2021,015m,27.799999237060547,33.04401444738356,18.359736875823398,34859,3.700000047683716,103.0999984741211,Sigma,TOWD
2021,035m,17.899999618530273,22.55746921265706,16.5449277458229,34756,0.10000000149011612,103.4000015258789,Sigma,TOWD
2021,060m,14.199999809265137,18.746568598427192,15.0354815002129,34942,0.10000000149011612,102.4000015258789,Sigma,TOWD
2022,015m,27.5,32.75062649759354,18.41163585871457,29210,0.6000000238418579,103.69999694824219,Sigma,TOWD
2022,035m,18.100000381469727,22.205023802619152,15.987753648197634,30674,0.10000000149011612,103.0999984741211,Sigma,TOWD
2022,060m,14.600000381469727,19.2769465079646,15.556848030752239,34151,0.10000000149011612,102.5999984741211,Sigma,TOWD
2017,010m,15.5,20.025361206075605,13.937085683484684,6506,0.10000000149011612,100.30000305175781,Sigma,TOWF
2018,010m,17.0,22.799843231911826,16.290307507470633,33170,0.10000000149011612,103.0999984741211,Sigma,TOWF
2019,010m,19.399999618530273,25.162762820744607,16.868767189096786,34863,0.699999988079071,102.9000015258789,Sigma,TOWF
2020,010m,18.899999618530273,24.768470779323163,16.79208946788988,34828,2.700000047683716,103.4000015258789,Sigma,TOWF
2021,010m,19.200000762939453,25.103843728751276,16.90742655067383,34966,2.799999952316284,103.5,Sigma,TOWF
2022,010m,18.100000381469727,23.70255324257877,16.409012443569836,31411,0.30000001192092896,103.0,Sigma,TOWF
2017,025m,12.800000190734863,16.625909222244296,13.18041720868157,35030,1.2000000476837158,103.19999694824219,Sigma,TOWS
2018,025m,12.699999809265137,17.041571943169693,13.756950533682245,35014,1.100000023841858,103.0,Sigma,TOWS
2019,025m,12.699999809265137,17.13523708804074,14.025377600398485,34966,1.2000000476837158,102.69999694824219,Sigma,TOWS
2020,025m,12.699999809265137,16.921526137308454,13.738079240147178,35069,0.10000000149011612,101.9000015258789,Sigma,TOWS
2021,025m,13.0,17.286135185426055,13.949799741581062,34959,1.2999999523162842,103.5999984741211,Sigma,TOWS
2022,025m,12.699999809265137,16.717090078138884,13.405370706580863,34915,0.10000000149011612,101.30000305175781,Sigma,TOWS
2017,015m,17.899999618530273,23.959410690283423,16.18725083012604,35024,0.20000000298023224,103.0999984741211,Sigma,TOWY
2017,033m,15.600000381469727,21.617290007687238,15.992626351870125,35026,0.699999988079071,103.0999984741211,Sigma,TOWY
2018,015m,18.100000381469727,24.379597377352873,16.414906576065967,35020,0.20000000298023224,103.30000305175781,Sigma,TOWY
2018,033m,15.800000190734863,21.727543468534577,15.956490581163518,35021,0.10000000149011612,102.9000015258789,Sigma,TOWY
2019,015m,18.0,24.06032277611829,16.460196650019356,34947,0.10000000149011612,102.80000305175781,Sigma,TOWY
2019,033m,15.800000190734863,21.754328886940154,16.07434216560924,35009,0.10000000149011612,102.4000015258789,Sigma,TOWY
2020,015m,17.299999237060547,23.301959052354732,16.174871586228388,35068,0.10000000149011612,103.69999694824219,Sigma,TOWY
2020,033m,15.100000381469727,20.94672806511558,15.606788405498703,35071,0.10000000149011612,102.5999984741211,Sigma,TOWY
2021,015m,17.899999618530273,24.01706346544825,16.553077802431428,34946,0.10000000149011612,102.5,Sigma,TOWY
2021,033m,15.399999618530273,21.311773464222266,15.787700895302507,34943,0.10000000149011612,102.9000015258789,Sigma,TOWY
2022,015m,17.600000381469727,23.48130328704267,16.117925432648,34958,0.10000000149011612,103.9000015258789,Sigma,TOWY
2022,033m,15.399999618530273,21.2501559674365,15.922018728692178,34943,0.10000000149011612,102.0,Sigma,TOWY
2017,015m,16.799999237060547,16.507441905752945,6.631645788696582,34897,1.600000023841858,41.099998474121094,SigPhi,TOWA
2017,030m,13.800000190734863,14.062309082805978,7.2485709342478,34897,1.2999999523162842,45.0,SigPhi,TOWA
2018,015m,17.0,16.733878211910874,6.641376001899601,34748,0.8999999761581421,42.79999923706055,SigPhi,TOWA
2018,030m,13.899999618530273,14.247348731646113,7.19777802678741,34757,0.4000000059604645,44.29999923706055,SigPhi,TOWA
2019,015m,16.700000762939453,16.545441391123013,6.909445567336385,34550,0.8999999761581421,41.400001525878906,SigPhi,TOWA
2019,030m,13.899999618530273,14.332253677639159,7.477187211980415,34548,0.20000000298023224,44.70000076293945,SigPhi,TOWA
2020,015m,16.799999237060547,16.58021389078906,6.730403408310569,34504,2.0,43.0,SigPhi,TOWA
2020,030m,13.800000190734863,14.167137143245961,7.260641872024506,34504,1.2999999523162842,43.400001525878906,SigPhi,TOWA
2021,015m,16.799999237060547,16.80273980623474,6.832437342207087,34455,1.2999999523162842,43.900001525878906,SigPhi,TOWA
2021,030m,14.100000381469727,14.540056323860805,7.477324279934115,34444,0.699999988079071,45.79999923706055,SigPhi,TOWA
2022,015m,16.899999618530273,16.825733909620514,6.685213616782721,34064,1.5,46.0,SigPhi,TOWA
2022,030m,14.399999618530273,14.642352942787808,7.252866721911499,33915,0.20000000298023224,45.099998474121094,SigPhi,TOWA
2017,015m,14.399999618530273,15.014594638256513,6.275582083271962,14752,0.20000000298023224,40.0,SigPhi,TOWB
2017,030m,10.699999809265137,12.077512637836175,7.007008600803165,9890,0.10000000149011612,44.400001525878906,SigPhi,TOWB
2018,015m,14.5,15.01222628700409,5.913637300788792,30369,0.10000000149011612,42.099998474121094,SigPhi,TOWB
2018,030m,12.199999809265137,13.342520488105523,6.746072802318741,30383,0.10000000149011612,45.29999923706055,SigPhi,TOWB
2019,015m,14.399999618530273,14.768710722180705,6.0370923159732754,34849,1.0,40.5,SigPhi,TOWB
2019,030m,12.5,13.644830952407942,7.03141395485867,34842,0.10000000149011612,43.099998474121094,SigPhi,TOWB
2020,015m,14.699999809265137,14.887109387767017,5.790640741661752,31969,0.5,40.5,SigPhi,TOWB
2020,030m,12.600000381469727,13.63027118633174,6.688973372046415,31971,0.10000000149011612,46.400001525878906,SigPhi,TOWB
2021,015m,14.100000381469727,14.61165613414815,5.95088251560306,31477,0.30000001192092896,42.29999923706055,SigPhi,TOWB
2021,030m,12.699999809265137,13.866607388545441,7.066743896599031,31489,0.10000000149011612,45.599998474121094,SigPhi,TOWB
2022,015m,14.800000190734863,15.122007911579404,5.866389561456955,23019,0.699999988079071,40.29999923706055,SigPhi,TOWB
2022,030m,13.5,14.368387911728574,6.812426146048952,23026,0.10000000149011612,42.29999923706055,SigPhi,TOWB
2017,015m,14.800000190734863,14.733468553970278,6.787175257869443,35006,0.5,43.0,SigPhi,TOWD
2017,060m,9.199999809265137,10.964607739706025,7.426024724491318,35002,0.6000000238418579,47.599998474121094,SigPhi,TOWD
2018,015m,15.0,15.015995424205794,6.773213433020256,34985,0.10000000149011612,45.70000076293945,SigPhi,TOWD
2018,060m,9.199999809265137,11.066872449147295,7.426265981647825,34989,0.800000011920929,49.5,SigPhi,TOWD
2019,015m,15.100000381469727,14.997121294356605,6.968344621487492,34842,1.0,42.20000076293945,SigPhi,TOWD
2019,060m,9.199999809265137,11.210844761966504,7.740451412102117,34791,0.20000000298023224,46.20000076293945,SigPhi,TOWD
2020,015m,14.800000190734863,14.791479844350707,6.855149731084109,34659,0.30000001192092896,44.599998474121094,SigPhi,TOWD
2020,060m,9.100000381469727,10.897229385400161,7.433369946392107,34505,0.6000000238418579,48.70000076293945,SigPhi,TOWD
2021,015m,14.800000190734863,14.868930599404386,7.026232585531035,34954,0.20000000298023224,42.900001525878906,SigPhi,TOWD
2021,060m,9.100000381469727,11.155906457815028,7.705923751454886,34894,0.10000000149011612,48.900001525878906,SigPhi,TOWD
2022,015m,14.600000381469727,14.749596649390131,6.957490774917547,29379,0.10000000149011612,49.900001525878906,SigPhi,TOWD
2022,060m,9.199999809265137,11.086965951736527,7.79760397290805,29047,0.10000000149011612,56.400001525878906,SigPhi,TOWD
2017,010m,9.300000190734863,10.486770801039535,5.218834636098379,6274,1.100000023841858,34.5,SigPhi,TOWF
2018,010m,10.399999618530273,11.986266354996493,6.01047624403544,33174,1.2000000476837158,37.5,SigPhi,TOWF
2019,010m,11.699999809265137,13.551385384995,6.9849489495870865,34864,1.600000023841858,41.20000076293945,SigPhi,TOWF
2020,010m,11.600000381469727,13.419975302865664,6.8397933192922995,34818,1.600000023841858,40.099998474121094,SigPhi,TOWF
2021,010m,11.800000190734863,13.679990850190402,7.041938875891015,34964,0.800000011920929,41.099998474121094,SigPhi,TOWF
2022,010m,11.199999809265137,12.644030678690099,6.310513853996374,34292,1.2999999523162842,38.599998474121094,SigPhi,TOWF
2017,025m,7.800000190734863,8.626472942143183,4.9615333721072234,35032,0.5,30.700000762939453,SigPhi,TOWS
2018,025m,7.699999809265137,8.615221613925737,4.886629805588633,35016,0.6000000238418579,29.399999618530273,SigPhi,TOWS
2019,025m,7.699999809265137,8.622265437964924,5.083081101511791,34969,0.5,30.100000381469727,SigPhi,TOWS
2020,025m,7.699999809265137,8.613545265044813,4.960776401803674,35075,0.5,30.799999237060547,SigPhi,TOWS
2021,025m,7.800000190734863,8.771367708748217,5.110002195279275,34971,0.6000000238418579,31.299999237060547,SigPhi,TOWS
2022,025m,7.800000190734863,8.65139625013583,4.9721941506073195,34915,0.5,29.600000381469727,SigPhi,TOWS
2017,015m,8.699999809265137,10.312306597715713,6.770705966780426,35030,0.6000000238418579,46.0,SigPhi,TOWY
2017,033m,11.699999809265137,13.818544956957243,6.807998799848258,35023,2.0,45.099998474121094,SigPhi,TOWY
2018,015m,8.600000381469727,10.360321585086627,6.805735752720704,35014,0.800000011920929,48.599998474121094,SigPhi,TOWY
2018,033m,11.899999618530273,14.007243444161585,6.8524191537604615,35011,2.0999999046325684,49.0,SigPhi,TOWY
2019,015m,8.5,10.403165935218821,7.062398932152358,34966,0.6000000238418579,45.0,SigPhi,TOWY
2019,033m,12.0,14.104549100999838,7.025320198107876,34952,2.0,50.29999923706055,SigPhi,TOWY
2020,015m,8.600000381469727,10.297934530557436,6.821606864116789,35101,0.699999988079071,45.599998474121094,SigPhi,TOWY
2020,033m,11.600000381469727,13.731207652674485,6.825434213636584,35126,1.600000023841858,44.29999923706055,SigPhi,TOWY
2021,015m,8.699999809265137,10.55878028946285,7.034898303438212,34959,0.800000011920929,45.70000076293945,SigPhi,TOWY
2021,033m,12.0,14.15003437924542,7.085152401751219,34910,1.899999976158142,46.400001525878906,SigPhi,TOWY
2022,015m,8.600000381469727,10.297482242725797,6.803066996121885,34912,0.6000000238418579,43.400001525878906,SigPhi,TOWY
2022,033m,11.699999809265137,13.738247950689415,6.844997134295409,34862,1.0,45.29999923706055,SigPhi,TOWY
2017,030m,223.0,181.7097771037798,95.91101101913922,34949,0.0,360.0,WDir,TOWA
2018,030m,220.0,178.20686195826644,97.7450219660918,34888,0.0,360.0,WDir,TOWA
2019,030m,215.9499969482422,175.7205008271126,98.13265783043992,34862,0.0,359.8999938964844,WDir,TOWA
2020,030m,218.3000030517578,176.33961256450064,98.14652267455763,34686,0.0,360.0,WDir,TOWA
2021,030m,218.1999969482422,177.18807584934638,98.82859820566021,34644,0.0,360.0,WDir,TOWA
2022,030m,221.39999389648438,178.71968883383278,98.50653356930862,34131,0.0,359.8999938964844,WDir,TOWA
2017,030m,225.1999969482422,182.79924271503367,100.75123668320028,31823,0.0,360.0,WDir,TOWB
2018,030m,124.0,142.21151822128667,95.44196728402508,30404,0.0,360.0,WDir,TOWB
2019,030m,119.0,142.26398852223815,95.35205977495015,34850,0.0,360.0,WDir,TOWB
2020,030m,119.0,142.53227218712865,95.32521764806849,31978,0.0,360.0,WDir,TOWB
2021,030m,110.0,141.5524653141569,95.60698924053177,31497,0.0,360.0,WDir,TOWB
2022,030m,143.0,144.48030292274692,94.06637463090684,28192,0.0,360.0,WDir,TOWB
2017,060m,207.89999389648438,170.94837400404506,95.50552307116924,34994,0.0,360.0,WDir,TOWD
2018,060m,208.5,170.01839595014087,98.03418585557337,34986,0.0,359.8999938964844,WDir,TOWD
2019,060m,203.10000610351562,166.7231160999363,98.32238140300178,34967,0.0,360.0,WDir,TOWD
2020,060m,203.39999389648438,166.31510070188216,96.94431878699743,34654,0.0,360.0,WDir,TOWD
2021,060m,176.8499984741211,159.61282347643387,93.22737483895382,35014,0.0,360.0,WDir,TOWD
2022,060m,203.0,164.52526070902033,98.38769012869967,34429,0.0,360.0,WDir,TOWD
2017,010m,229.60000610351562,219.20879494545304,96.87205328639271,6572,0.0,360.0,WDir,TOWF
2018,010m,213.60000610351562,205.36127583555216,100.45466290688992,33297,0.0,360.0,WDir,TOWF
2019,010m,216.39999389648438,185.50437840881523,103.66882272798763,34853,0.0,360.0,WDir,TOWF
2020,010m,216.3000030517578,183.9647161668155,103.97588971990346,34846,0.0,360.0,WDir,TOWF
2021,010m,217.6999969482422,184.48103475223658,104.357245417083,34964,0.0,360.0,WDir,TOWF
2022,010m,218.89999389648438,198.28636001702765,101.79990041588653,34399,0.0,360.0,WDir,TOWF
2017,025m,203.0,172.64466280099404,100.77726744008754,35009,0.0,360.0,WDir,TOWS
2018,025m,202.0,171.9406455298486,102.31049879347538,35010,0.0,360.0,WDir,TOWS
2019,025m,199.0,169.65477586749435,102.31819254327328,34957,0.0,360.0,WDir,TOWS
2020,025m,198.0,167.5739906478102,102.56732062000857,35072,0.0,360.0,WDir,TOWS
2021,025m,198.0,168.0775413305875,103.14081052210162,34962,0.0,360.0,WDir,TOWS
2022,025m,202.0,171.08450865726408,100.38455069761557,34884,0.0,360.0,WDir,TOWS
2017,033m,203.0,161.54364274905063,95.295614567158,35023,0.0,360.0,WDir,TOWY
2018,033m,199.0,160.70639136394792,97.24153634323676,35016,0.0,360.0,WDir,TOWY
2019,033m,191.0,157.62155524459547,96.36935523703123,35017,0.0,360.0,WDir,TOWY
2020,033m,194.0,158.54961984224164,96.70709832050524,35117,0.0,360.0,WDir,TOWY
2021,033m,182.0,156.01941331198537,96.86718198381527,34976,0.0,360.0,WDir,TOWY
2022,033m,204.0,163.02063446699057,94.36686846958007,34990,0.0,360.0,WDir,TOWY
2017,015m,0.0,0.0017212050263642345,0.01798595049303321,35040,0.0,1.2795275449752808,PrecipIn,TOWA
2018,015m,0.0,0.001884230995210842,0.014340972587099404,35038,0.0,0.8228346109390259,PrecipIn,TOWA
2019,015m,0.0,0.002019064841721819,0.015038651203161245,35040,0.0,0.8976377844810486,PrecipIn,TOWA
2020,015m,0.0,0.0019349223704676131,0.012962666500846058,35136,0.0,0.5952755808830261,PrecipIn,TOWA
2021,015m,0.0,0.0016520489400601414,0.013619864544646499,35040,0.0,0.5748031735420227,PrecipIn,TOWA
2022,015m,0.0,0.0011847413114672134,0.0140586595772069,34080,0.0,1.0208661556243896,PrecipIn,TOWA
2017,015m,0.0,0.000532485423757857,0.007992709818808442,31818,0.0,0.47999998927116394,PrecipIn,TOWB
2018,015m,0.0,0.0018299384429198136,0.015054349581945292,30389,0.0,1.0299999713897705,PrecipIn,TOWB
2019,015m,0.0,0.002081292411877748,0.01656698534601437,34911,0.0,0.9399999976158142,PrecipIn,TOWB
2020,015m,0.0,0.0020119509243753313,0.01426297481694405,31964,0.0,0.6100000143051147,PrecipIn,TOWB
2021,015m,0.0,0.0018356199032244674,0.01681059275188954,31488,0.0,0.8799999952316284,PrecipIn,TOWB
2022,015m,0.0,0.0016984874631684745,0.016803818409531407,28231,0.0,0.8700000047683716,PrecipIn,TOWB
2017,002m,0.0,0.0016537637358145312,0.017039619564534165,35005,0.0,1.1699999570846558,PrecipIn,TOWD
2018,002m,0.0,0.001759140132252731,0.01462756084225384,34983,0.0,1.1299999952316284,PrecipIn,TOWD
2019,002m,0.0,0.0020521163159901786,0.017383878921368227,35037,0.0,1.100000023841858,PrecipIn,TOWD
2020,002m,0.0,0.002005477851941157,0.014534346525806227,34685,0.0,0.550000011920929,PrecipIn,TOWD
2021,002m,0.0,0.0016848865270708195,0.015452159330203167,35035,0.0,0.9800000190734863,PrecipIn,TOWD
2022,002m,0.0,0.0016531642835892475,0.01780218516098096,29501,0.0,1.4199999570846558,PrecipIn,TOWD
2017,010m,0.0,0.0011462450489587571,0.009566849182754364,6578,0.0,0.3400000035762787,PrecipIn,TOWF
2018,010m,0.0,0.0016969059588100575,0.013558530623565447,33290,0.0,0.9700000286102295,PrecipIn,TOWF
2019,010m,0.0,0.0018880238011394072,0.01490052505346945,34936,0.0,0.9200000166893005,PrecipIn,TOWF
2020,010m,0.0,0.0019034498447257119,0.013624850582994018,34842,0.0,0.5899999737739563,PrecipIn,TOWF
2021,010m,0.0,0.0017493569435592753,0.01704952395936305,34990,0.0,1.0,PrecipIn,TOWF
2022,010m,0.0,0.0015410267502609985,0.015113675855436815,34185,0.0,0.8399999737739563,PrecipIn,TOWF
2017,015m,0.0,0.001753339409434349,0.016706733679806376,35036,0.0,1.0399999618530273,PrecipIn,TOWY
2018,015m,0.0,0.0017283703759450868,0.01406750512007639,35033,0.0,0.8899999856948853,PrecipIn,TOWY
2019,015m,0.0,0.0018983331285859402,0.01492901418432776,35036,0.0,0.8100000023841858,PrecipIn,TOWY
2020,015m,0.0,0.0019832616768686805,0.01376814364346936,35129,0.0,0.6200000047683716,PrecipIn,TOWY
2021,015m,0.0,0.0016394050834981583,0.015442422833157755,35031,0.0,1.0299999713897705,PrecipIn,TOWY
2022,015m,0.0,0.001570285701006651,0.01377128142227105,35000,0.0,0.6499999761581421,PrecipIn,TOWY
2017,002m,2.5999999046325684,181.2294702921859,281.09404733070863,34662,-4.0,1192.4000244140625,SolarRadWm2,TOWD
2018,002m,4.400000095367432,180.2297014300704,283.8922762865053,34628,-2.0,1213.9000244140625,SolarRadWm2,TOWD
2019,002m,5.049999952316284,195.76536258003054,298.853507993847,34532,-1.600000023841858,1240.4000244140625,SolarRadWm2,TOWD
2020,002m,4.099999904632568,183.9832758688149,285.98635224366666,34537,-2.4000000953674316,1239.5999755859375,SolarRadWm2,TOWD
2021,002m,3.799999952316284,187.70342860671153,290.0938052159946,34824,-1.7000000476837158,1221.5,SolarRadWm2,TOWD
2022,002m,103.35000228881836,253.3803873361434,309.0656572623439,22052,-5.0,1181.5999755859375,SolarRadWm2,TOWD
2017,010m,0.10000000149011612,95.26490752379787,171.6733266672991,6215,-2.200000047683716,770.7999877929688,SolarRadWm2,TOWF
2018,010m,3.9000000953674316,170.18392551695604,268.8305254153285,33127,-4.800000190734863,1207.199951171875,SolarRadWm2,TOWF
2019,010m,4.0,186.139406361139,282.8367177948682,34903,-3.9000000953674316,1123.199951171875,SolarRadWm2,TOWF
2020,010m,4.300000190734863,174.77746002815752,269.84562526592725,34827,-4.699999809265137,1146.800048828125,SolarRadWm2,TOWF
2021,010m,4.199999809265137,178.42023567539232,273.2027835004992,34973,-4.099999904632568,1160.800048828125,SolarRadWm2,TOWF
2022,010m,5.300000190734863,190.1252387612051,284.07406127688455,31515,-4.800000190734863,1162.0999755859375,SolarRadWm2,TOWF
2017,015m,283.3473815917969,361.3015524004176,307.442265536583,17861,0.0,1186.4300537109375,SolarRadWm2,TOWY
2018,015m,247.75448608398438,343.4051711001888,305.40122262072236,17879,0.0,1229.001953125,SolarRadWm2,TOWY
2019,015m,304.9822998046875,375.9494946206963,313.4067859877008,17811,0.0,1163.3992919921875,SolarRadWm2,TOWY
2020,015m,272.1809997558594,353.146185738475,306.4932403580022,18032,0.0,1204.5753173828125,SolarRadWm2,TOWY
2021,015m,274.97259521484375,357.17766653159924,306.32748460173855,17906,0.0,1218.533447265625,SolarRadWm2,TOWY
2022,015m,314.7528991699219,377.9840262110237,311.2105982896399,18027,0.0,1217.83544921875,SolarRadWm2,TOWY
